Copyright 1986-2022 Xilinx, Inc. All Rights Reserved. Copyright 2022-2024 Advanced Micro Devices, Inc. All Rights Reserved.
------------------------------------------------------------------------------------------------------------------------------------------------------------------------------------------------------------------------------------------------------------
| Tool Version : Vivado v.2024.2 (win64) Build 5239630 Fri Nov 08 22:35:27 MST 2024
| Date         : Wed Oct  8 12:38:29 2025
| Host         : sai running 64-bit major release  (build 9200)
| Command      : report_timing_summary -max_paths 10 -report_unconstrained -file CricketGame_TopModule_timing_summary_routed.rpt -pb CricketGame_TopModule_timing_summary_routed.pb -rpx CricketGame_TopModule_timing_summary_routed.rpx -warn_on_violation
| Design       : CricketGame_TopModule
| Device       : 7s50-csga324
| Speed File   : -1  PRODUCTION 1.23 2018-06-13
| Design State : Routed
------------------------------------------------------------------------------------------------------------------------------------------------------------------------------------------------------------------------------------------------------------

Timing Summary Report

------------------------------------------------------------------------------------------------
| Timer Settings
| --------------
------------------------------------------------------------------------------------------------

  Enable Multi Corner Analysis               :  Yes
  Enable Pessimism Removal                   :  Yes
  Pessimism Removal Resolution               :  Nearest Common Node
  Enable Input Delay Default Clock           :  No
  Enable Preset / Clear Arcs                 :  No
  Disable Flight Delays                      :  No
  Ignore I/O Paths                           :  No
  Timing Early Launch at Borrowing Latches   :  No
  Borrow Time for Max Delay Exceptions       :  Yes
  Merge Timing Exceptions                    :  Yes
  Inter-SLR Compensation                     :  Conservative

  Corner  Analyze    Analyze    
  Name    Max Paths  Min Paths  
  ------  ---------  ---------  
  Slow    Yes        Yes        
  Fast    Yes        Yes        


------------------------------------------------------------------------------------------------
| Report Methodology
| ------------------
------------------------------------------------------------------------------------------------

Rule       Severity          Description                    Violations  
---------  ----------------  -----------------------------  ----------  
TIMING-17  Critical Warning  Non-clocked sequential cell    19          
TIMING-18  Warning           Missing input or output delay  26          

Note: This report is based on the most recent report_methodology run and may not be up-to-date. Run report_methodology on the current design for the latest report.



check_timing report

Table of Contents
-----------------
1. checking no_clock (19)
2. checking constant_clock (0)
3. checking pulse_width_clock (0)
4. checking unconstrained_internal_endpoints (34)
5. checking no_input_delay (3)
6. checking no_output_delay (28)
7. checking multiple_clock (0)
8. checking generated_clocks (0)
9. checking loops (0)
10. checking partial_input_delay (0)
11. checking partial_output_delay (0)
12. checking latch_loops (0)

1. checking no_clock (19)
-------------------------
 There is 1 register/latch pin with no clock driven by root clock pin: CG1/CG1_3/gameOver_reg/Q (HIGH)

 There are 16 register/latch pins with no clock driven by root clock pin: CG1/CG1_4/CG1_4_1/CG1_4_1_1/clk_10Hz_reg/Q (HIGH)

 There are 2 register/latch pins with no clock driven by root clock pin: CG2/CG2_2/clk_1kHz_reg/Q (HIGH)


2. checking constant_clock (0)
------------------------------
 There are 0 register/latch pins with constant_clock.


3. checking pulse_width_clock (0)
---------------------------------
 There are 0 register/latch pins which need pulse_width check


4. checking unconstrained_internal_endpoints (34)
-------------------------------------------------
 There are 34 pins that are not constrained for maximum delay. (HIGH)

 There are 0 pins that are not constrained for maximum delay due to constant clock.


5. checking no_input_delay (3)
------------------------------
 There are 3 input ports with no input delay specified. (HIGH)

 There are 0 input ports with no input delay but user has a false path constraint.


6. checking no_output_delay (28)
--------------------------------
 There are 28 ports with no output delay specified. (HIGH)

 There are 0 ports with no output delay but user has a false path constraint

 There are 0 ports with no output delay but with a timing clock defined on it or propagating through it


7. checking multiple_clock (0)
------------------------------
 There are 0 register/latch pins with multiple clocks.


8. checking generated_clocks (0)
--------------------------------
 There are 0 generated clocks that are not connected to a clock source.


9. checking loops (0)
---------------------
 There are 0 combinational loops in the design.


10. checking partial_input_delay (0)
------------------------------------
 There are 0 input ports with partial input delay specified.


11. checking partial_output_delay (0)
-------------------------------------
 There are 0 ports with partial output delay specified.


12. checking latch_loops (0)
----------------------------
 There are 0 combinational latch loops in the design through latch input



------------------------------------------------------------------------------------------------
| Design Timing Summary
| ---------------------
------------------------------------------------------------------------------------------------

    WNS(ns)      TNS(ns)  TNS Failing Endpoints  TNS Total Endpoints      WHS(ns)      THS(ns)  THS Failing Endpoints  THS Total Endpoints     WPWS(ns)     TPWS(ns)  TPWS Failing Endpoints  TPWS Total Endpoints  
    -------      -------  ---------------------  -------------------      -------      -------  ---------------------  -------------------     --------     --------  ----------------------  --------------------  
      5.095        0.000                      0                  239        0.178        0.000                      0                  239        4.500        0.000                       0                   127  


All user specified timing constraints are met.


------------------------------------------------------------------------------------------------
| Clock Summary
| -------------
------------------------------------------------------------------------------------------------

Clock        Waveform(ns)       Period(ns)      Frequency(MHz)
-----        ------------       ----------      --------------
sys_clk_pin  {0.000 5.000}      10.000          100.000         


------------------------------------------------------------------------------------------------
| Intra Clock Table
| -----------------
------------------------------------------------------------------------------------------------

Clock             WNS(ns)      TNS(ns)  TNS Failing Endpoints  TNS Total Endpoints      WHS(ns)      THS(ns)  THS Failing Endpoints  THS Total Endpoints     WPWS(ns)     TPWS(ns)  TPWS Failing Endpoints  TPWS Total Endpoints  
-----             -------      -------  ---------------------  -------------------      -------      -------  ---------------------  -------------------     --------     --------  ----------------------  --------------------  
sys_clk_pin         5.095        0.000                      0                  239        0.178        0.000                      0                  239        4.500        0.000                       0                   127  


------------------------------------------------------------------------------------------------
| Inter Clock Table
| -----------------
------------------------------------------------------------------------------------------------

From Clock    To Clock          WNS(ns)      TNS(ns)  TNS Failing Endpoints  TNS Total Endpoints      WHS(ns)      THS(ns)  THS Failing Endpoints  THS Total Endpoints  
----------    --------          -------      -------  ---------------------  -------------------      -------      -------  ---------------------  -------------------  


------------------------------------------------------------------------------------------------
| Other Path Groups Table
| -----------------------
------------------------------------------------------------------------------------------------

Path Group    From Clock    To Clock          WNS(ns)      TNS(ns)  TNS Failing Endpoints  TNS Total Endpoints      WHS(ns)      THS(ns)  THS Failing Endpoints  THS Total Endpoints  
----------    ----------    --------          -------      -------  ---------------------  -------------------      -------      -------  ---------------------  -------------------  


------------------------------------------------------------------------------------------------
| User Ignored Path Table
| -----------------------
------------------------------------------------------------------------------------------------

Path Group    From Clock    To Clock    
----------    ----------    --------    


------------------------------------------------------------------------------------------------
| Unconstrained Path Table
| ------------------------
------------------------------------------------------------------------------------------------

Path Group    From Clock    To Clock    
----------    ----------    --------    
(none)                                    
(none)        sys_clk_pin                 
(none)                      sys_clk_pin   


------------------------------------------------------------------------------------------------
| Timing Details
| --------------
------------------------------------------------------------------------------------------------


---------------------------------------------------------------------------------------------------
From Clock:  sys_clk_pin
  To Clock:  sys_clk_pin

Setup :            0  Failing Endpoints,  Worst Slack        5.095ns,  Total Violation        0.000ns
Hold  :            0  Failing Endpoints,  Worst Slack        0.178ns,  Total Violation        0.000ns
PW    :            0  Failing Endpoints,  Worst Slack        4.500ns,  Total Violation        0.000ns
---------------------------------------------------------------------------------------------------


Max Delay Paths
--------------------------------------------------------------------------------------
Slack (MET) :             5.095ns  (required time - arrival time)
  Source:                 CG1/CG1_4/CG1_4_1/CG1_4_1_1/period_count_reg[0]/C
                            (rising edge-triggered cell FDRE clocked by sys_clk_pin  {rise@0.000ns fall@5.000ns period=10.000ns})
  Destination:            CG1/CG1_4/CG1_4_1/CG1_4_1_1/period_count_reg[21]/R
                            (rising edge-triggered cell FDRE clocked by sys_clk_pin  {rise@0.000ns fall@5.000ns period=10.000ns})
  Path Group:             sys_clk_pin
  Path Type:              Setup (Max at Slow Process Corner)
  Requirement:            10.000ns  (sys_clk_pin rise@10.000ns - sys_clk_pin rise@0.000ns)
  Data Path Delay:        4.318ns  (logic 0.828ns (19.175%)  route 3.490ns (80.825%))
  Logic Levels:           3  (LUT4=1 LUT6=2)
  Clock Path Skew:        -0.027ns (DCD - SCD + CPR)
    Destination Clock Delay (DCD):    4.838ns = ( 14.838 - 10.000 ) 
    Source Clock Delay      (SCD):    5.137ns
    Clock Pessimism Removal (CPR):    0.272ns
  Clock Uncertainty:      0.035ns  ((TSJ^2 + TIJ^2)^1/2 + DJ) / 2 + PE
    Total System Jitter     (TSJ):    0.071ns
    Total Input Jitter      (TIJ):    0.000ns
    Discrete Jitter          (DJ):    0.000ns
    Phase Error              (PE):    0.000ns

    Location             Delay type                Incr(ns)  Path(ns)    Netlist Resource(s)
  -------------------------------------------------------------------    -------------------
                         (clock sys_clk_pin rise edge)
                                                      0.000     0.000 r  
    F14                                               0.000     0.000 r  clk_fpga (IN)
                         net (fo=0)                   0.000     0.000    clk_fpga
    F14                  IBUF (Prop_ibuf_I_O)         1.458     1.458 r  clk_fpga_IBUF_inst/O
                         net (fo=1, routed)           1.972     3.430    clk_fpga_IBUF
    BUFGCTRL_X0Y16       BUFG (Prop_bufg_I_O)         0.096     3.526 r  clk_fpga_IBUF_BUFG_inst/O
                         net (fo=126, routed)         1.611     5.137    CG1/CG1_4/CG1_4_1/CG1_4_1_1/clk_10Hz_reg_0
    SLICE_X65Y70         FDRE                                         r  CG1/CG1_4/CG1_4_1/CG1_4_1_1/period_count_reg[0]/C
  -------------------------------------------------------------------    -------------------
    SLICE_X65Y70         FDRE (Prop_fdre_C_Q)         0.456     5.593 r  CG1/CG1_4/CG1_4_1/CG1_4_1_1/period_count_reg[0]/Q
                         net (fo=3, routed)           1.773     7.366    CG1/CG1_4/CG1_4_1/CG1_4_1_1/period_count[0]
    SLICE_X65Y70         LUT4 (Prop_lut4_I0_O)        0.124     7.490 f  CG1/CG1_4/CG1_4_1/CG1_4_1_1/period_count[22]_i_4/O
                         net (fo=1, routed)           0.665     8.155    CG1/CG1_4/CG1_4_1/CG1_4_1_1/period_count[22]_i_4_n_0
    SLICE_X65Y70         LUT6 (Prop_lut6_I0_O)        0.124     8.279 f  CG1/CG1_4/CG1_4_1/CG1_4_1_1/period_count[22]_i_3/O
                         net (fo=1, routed)           0.151     8.431    CG1/CG1_4/CG1_4_1/CG1_4_1_1/period_count[22]_i_3_n_0
    SLICE_X65Y70         LUT6 (Prop_lut6_I5_O)        0.124     8.555 r  CG1/CG1_4/CG1_4_1/CG1_4_1_1/period_count[22]_i_1/O
                         net (fo=24, routed)          0.900     9.455    CG1/CG1_4/CG1_4_1/CG1_4_1_1/clk_10Hz
    SLICE_X64Y73         FDRE                                         r  CG1/CG1_4/CG1_4_1/CG1_4_1_1/period_count_reg[21]/R
  -------------------------------------------------------------------    -------------------

                         (clock sys_clk_pin rise edge)
                                                     10.000    10.000 r  
    F14                                               0.000    10.000 r  clk_fpga (IN)
                         net (fo=0)                   0.000    10.000    clk_fpga
    F14                  IBUF (Prop_ibuf_I_O)         1.388    11.388 r  clk_fpga_IBUF_inst/O
                         net (fo=1, routed)           1.868    13.256    clk_fpga_IBUF
    BUFGCTRL_X0Y16       BUFG (Prop_bufg_I_O)         0.091    13.347 r  clk_fpga_IBUF_BUFG_inst/O
                         net (fo=126, routed)         1.491    14.838    CG1/CG1_4/CG1_4_1/CG1_4_1_1/clk_10Hz_reg_0
    SLICE_X64Y73         FDRE                                         r  CG1/CG1_4/CG1_4_1/CG1_4_1_1/period_count_reg[21]/C
                         clock pessimism              0.272    15.110    
                         clock uncertainty           -0.035    15.075    
    SLICE_X64Y73         FDRE (Setup_fdre_C_R)       -0.524    14.551    CG1/CG1_4/CG1_4_1/CG1_4_1_1/period_count_reg[21]
  -------------------------------------------------------------------
                         required time                         14.551    
                         arrival time                          -9.455    
  -------------------------------------------------------------------
                         slack                                  5.095    

Slack (MET) :             5.095ns  (required time - arrival time)
  Source:                 CG1/CG1_4/CG1_4_1/CG1_4_1_1/period_count_reg[0]/C
                            (rising edge-triggered cell FDRE clocked by sys_clk_pin  {rise@0.000ns fall@5.000ns period=10.000ns})
  Destination:            CG1/CG1_4/CG1_4_1/CG1_4_1_1/period_count_reg[22]/R
                            (rising edge-triggered cell FDRE clocked by sys_clk_pin  {rise@0.000ns fall@5.000ns period=10.000ns})
  Path Group:             sys_clk_pin
  Path Type:              Setup (Max at Slow Process Corner)
  Requirement:            10.000ns  (sys_clk_pin rise@10.000ns - sys_clk_pin rise@0.000ns)
  Data Path Delay:        4.318ns  (logic 0.828ns (19.175%)  route 3.490ns (80.825%))
  Logic Levels:           3  (LUT4=1 LUT6=2)
  Clock Path Skew:        -0.027ns (DCD - SCD + CPR)
    Destination Clock Delay (DCD):    4.838ns = ( 14.838 - 10.000 ) 
    Source Clock Delay      (SCD):    5.137ns
    Clock Pessimism Removal (CPR):    0.272ns
  Clock Uncertainty:      0.035ns  ((TSJ^2 + TIJ^2)^1/2 + DJ) / 2 + PE
    Total System Jitter     (TSJ):    0.071ns
    Total Input Jitter      (TIJ):    0.000ns
    Discrete Jitter          (DJ):    0.000ns
    Phase Error              (PE):    0.000ns

    Location             Delay type                Incr(ns)  Path(ns)    Netlist Resource(s)
  -------------------------------------------------------------------    -------------------
                         (clock sys_clk_pin rise edge)
                                                      0.000     0.000 r  
    F14                                               0.000     0.000 r  clk_fpga (IN)
                         net (fo=0)                   0.000     0.000    clk_fpga
    F14                  IBUF (Prop_ibuf_I_O)         1.458     1.458 r  clk_fpga_IBUF_inst/O
                         net (fo=1, routed)           1.972     3.430    clk_fpga_IBUF
    BUFGCTRL_X0Y16       BUFG (Prop_bufg_I_O)         0.096     3.526 r  clk_fpga_IBUF_BUFG_inst/O
                         net (fo=126, routed)         1.611     5.137    CG1/CG1_4/CG1_4_1/CG1_4_1_1/clk_10Hz_reg_0
    SLICE_X65Y70         FDRE                                         r  CG1/CG1_4/CG1_4_1/CG1_4_1_1/period_count_reg[0]/C
  -------------------------------------------------------------------    -------------------
    SLICE_X65Y70         FDRE (Prop_fdre_C_Q)         0.456     5.593 r  CG1/CG1_4/CG1_4_1/CG1_4_1_1/period_count_reg[0]/Q
                         net (fo=3, routed)           1.773     7.366    CG1/CG1_4/CG1_4_1/CG1_4_1_1/period_count[0]
    SLICE_X65Y70         LUT4 (Prop_lut4_I0_O)        0.124     7.490 f  CG1/CG1_4/CG1_4_1/CG1_4_1_1/period_count[22]_i_4/O
                         net (fo=1, routed)           0.665     8.155    CG1/CG1_4/CG1_4_1/CG1_4_1_1/period_count[22]_i_4_n_0
    SLICE_X65Y70         LUT6 (Prop_lut6_I0_O)        0.124     8.279 f  CG1/CG1_4/CG1_4_1/CG1_4_1_1/period_count[22]_i_3/O
                         net (fo=1, routed)           0.151     8.431    CG1/CG1_4/CG1_4_1/CG1_4_1_1/period_count[22]_i_3_n_0
    SLICE_X65Y70         LUT6 (Prop_lut6_I5_O)        0.124     8.555 r  CG1/CG1_4/CG1_4_1/CG1_4_1_1/period_count[22]_i_1/O
                         net (fo=24, routed)          0.900     9.455    CG1/CG1_4/CG1_4_1/CG1_4_1_1/clk_10Hz
    SLICE_X64Y73         FDRE                                         r  CG1/CG1_4/CG1_4_1/CG1_4_1_1/period_count_reg[22]/R
  -------------------------------------------------------------------    -------------------

                         (clock sys_clk_pin rise edge)
                                                     10.000    10.000 r  
    F14                                               0.000    10.000 r  clk_fpga (IN)
                         net (fo=0)                   0.000    10.000    clk_fpga
    F14                  IBUF (Prop_ibuf_I_O)         1.388    11.388 r  clk_fpga_IBUF_inst/O
                         net (fo=1, routed)           1.868    13.256    clk_fpga_IBUF
    BUFGCTRL_X0Y16       BUFG (Prop_bufg_I_O)         0.091    13.347 r  clk_fpga_IBUF_BUFG_inst/O
                         net (fo=126, routed)         1.491    14.838    CG1/CG1_4/CG1_4_1/CG1_4_1_1/clk_10Hz_reg_0
    SLICE_X64Y73         FDRE                                         r  CG1/CG1_4/CG1_4_1/CG1_4_1_1/period_count_reg[22]/C
                         clock pessimism              0.272    15.110    
                         clock uncertainty           -0.035    15.075    
    SLICE_X64Y73         FDRE (Setup_fdre_C_R)       -0.524    14.551    CG1/CG1_4/CG1_4_1/CG1_4_1_1/period_count_reg[22]
  -------------------------------------------------------------------
                         required time                         14.551    
                         arrival time                          -9.455    
  -------------------------------------------------------------------
                         slack                                  5.095    

Slack (MET) :             5.245ns  (required time - arrival time)
  Source:                 CG1/CG1_4/CG1_4_1/CG1_4_1_1/period_count_reg[0]/C
                            (rising edge-triggered cell FDRE clocked by sys_clk_pin  {rise@0.000ns fall@5.000ns period=10.000ns})
  Destination:            CG1/CG1_4/CG1_4_1/CG1_4_1_1/period_count_reg[17]/R
                            (rising edge-triggered cell FDRE clocked by sys_clk_pin  {rise@0.000ns fall@5.000ns period=10.000ns})
  Path Group:             sys_clk_pin
  Path Type:              Setup (Max at Slow Process Corner)
  Requirement:            10.000ns  (sys_clk_pin rise@10.000ns - sys_clk_pin rise@0.000ns)
  Data Path Delay:        4.170ns  (logic 0.828ns (19.857%)  route 3.342ns (80.143%))
  Logic Levels:           3  (LUT4=1 LUT6=2)
  Clock Path Skew:        -0.026ns (DCD - SCD + CPR)
    Destination Clock Delay (DCD):    4.839ns = ( 14.839 - 10.000 ) 
    Source Clock Delay      (SCD):    5.137ns
    Clock Pessimism Removal (CPR):    0.272ns
  Clock Uncertainty:      0.035ns  ((TSJ^2 + TIJ^2)^1/2 + DJ) / 2 + PE
    Total System Jitter     (TSJ):    0.071ns
    Total Input Jitter      (TIJ):    0.000ns
    Discrete Jitter          (DJ):    0.000ns
    Phase Error              (PE):    0.000ns

    Location             Delay type                Incr(ns)  Path(ns)    Netlist Resource(s)
  -------------------------------------------------------------------    -------------------
                         (clock sys_clk_pin rise edge)
                                                      0.000     0.000 r  
    F14                                               0.000     0.000 r  clk_fpga (IN)
                         net (fo=0)                   0.000     0.000    clk_fpga
    F14                  IBUF (Prop_ibuf_I_O)         1.458     1.458 r  clk_fpga_IBUF_inst/O
                         net (fo=1, routed)           1.972     3.430    clk_fpga_IBUF
    BUFGCTRL_X0Y16       BUFG (Prop_bufg_I_O)         0.096     3.526 r  clk_fpga_IBUF_BUFG_inst/O
                         net (fo=126, routed)         1.611     5.137    CG1/CG1_4/CG1_4_1/CG1_4_1_1/clk_10Hz_reg_0
    SLICE_X65Y70         FDRE                                         r  CG1/CG1_4/CG1_4_1/CG1_4_1_1/period_count_reg[0]/C
  -------------------------------------------------------------------    -------------------
    SLICE_X65Y70         FDRE (Prop_fdre_C_Q)         0.456     5.593 r  CG1/CG1_4/CG1_4_1/CG1_4_1_1/period_count_reg[0]/Q
                         net (fo=3, routed)           1.773     7.366    CG1/CG1_4/CG1_4_1/CG1_4_1_1/period_count[0]
    SLICE_X65Y70         LUT4 (Prop_lut4_I0_O)        0.124     7.490 f  CG1/CG1_4/CG1_4_1/CG1_4_1_1/period_count[22]_i_4/O
                         net (fo=1, routed)           0.665     8.155    CG1/CG1_4/CG1_4_1/CG1_4_1_1/period_count[22]_i_4_n_0
    SLICE_X65Y70         LUT6 (Prop_lut6_I0_O)        0.124     8.279 f  CG1/CG1_4/CG1_4_1/CG1_4_1_1/period_count[22]_i_3/O
                         net (fo=1, routed)           0.151     8.431    CG1/CG1_4/CG1_4_1/CG1_4_1_1/period_count[22]_i_3_n_0
    SLICE_X65Y70         LUT6 (Prop_lut6_I5_O)        0.124     8.555 r  CG1/CG1_4/CG1_4_1/CG1_4_1_1/period_count[22]_i_1/O
                         net (fo=24, routed)          0.752     9.307    CG1/CG1_4/CG1_4_1/CG1_4_1_1/clk_10Hz
    SLICE_X64Y72         FDRE                                         r  CG1/CG1_4/CG1_4_1/CG1_4_1_1/period_count_reg[17]/R
  -------------------------------------------------------------------    -------------------

                         (clock sys_clk_pin rise edge)
                                                     10.000    10.000 r  
    F14                                               0.000    10.000 r  clk_fpga (IN)
                         net (fo=0)                   0.000    10.000    clk_fpga
    F14                  IBUF (Prop_ibuf_I_O)         1.388    11.388 r  clk_fpga_IBUF_inst/O
                         net (fo=1, routed)           1.868    13.256    clk_fpga_IBUF
    BUFGCTRL_X0Y16       BUFG (Prop_bufg_I_O)         0.091    13.347 r  clk_fpga_IBUF_BUFG_inst/O
                         net (fo=126, routed)         1.492    14.839    CG1/CG1_4/CG1_4_1/CG1_4_1_1/clk_10Hz_reg_0
    SLICE_X64Y72         FDRE                                         r  CG1/CG1_4/CG1_4_1/CG1_4_1_1/period_count_reg[17]/C
                         clock pessimism              0.272    15.111    
                         clock uncertainty           -0.035    15.076    
    SLICE_X64Y72         FDRE (Setup_fdre_C_R)       -0.524    14.552    CG1/CG1_4/CG1_4_1/CG1_4_1_1/period_count_reg[17]
  -------------------------------------------------------------------
                         required time                         14.552    
                         arrival time                          -9.307    
  -------------------------------------------------------------------
                         slack                                  5.245    

Slack (MET) :             5.245ns  (required time - arrival time)
  Source:                 CG1/CG1_4/CG1_4_1/CG1_4_1_1/period_count_reg[0]/C
                            (rising edge-triggered cell FDRE clocked by sys_clk_pin  {rise@0.000ns fall@5.000ns period=10.000ns})
  Destination:            CG1/CG1_4/CG1_4_1/CG1_4_1_1/period_count_reg[18]/R
                            (rising edge-triggered cell FDRE clocked by sys_clk_pin  {rise@0.000ns fall@5.000ns period=10.000ns})
  Path Group:             sys_clk_pin
  Path Type:              Setup (Max at Slow Process Corner)
  Requirement:            10.000ns  (sys_clk_pin rise@10.000ns - sys_clk_pin rise@0.000ns)
  Data Path Delay:        4.170ns  (logic 0.828ns (19.857%)  route 3.342ns (80.143%))
  Logic Levels:           3  (LUT4=1 LUT6=2)
  Clock Path Skew:        -0.026ns (DCD - SCD + CPR)
    Destination Clock Delay (DCD):    4.839ns = ( 14.839 - 10.000 ) 
    Source Clock Delay      (SCD):    5.137ns
    Clock Pessimism Removal (CPR):    0.272ns
  Clock Uncertainty:      0.035ns  ((TSJ^2 + TIJ^2)^1/2 + DJ) / 2 + PE
    Total System Jitter     (TSJ):    0.071ns
    Total Input Jitter      (TIJ):    0.000ns
    Discrete Jitter          (DJ):    0.000ns
    Phase Error              (PE):    0.000ns

    Location             Delay type                Incr(ns)  Path(ns)    Netlist Resource(s)
  -------------------------------------------------------------------    -------------------
                         (clock sys_clk_pin rise edge)
                                                      0.000     0.000 r  
    F14                                               0.000     0.000 r  clk_fpga (IN)
                         net (fo=0)                   0.000     0.000    clk_fpga
    F14                  IBUF (Prop_ibuf_I_O)         1.458     1.458 r  clk_fpga_IBUF_inst/O
                         net (fo=1, routed)           1.972     3.430    clk_fpga_IBUF
    BUFGCTRL_X0Y16       BUFG (Prop_bufg_I_O)         0.096     3.526 r  clk_fpga_IBUF_BUFG_inst/O
                         net (fo=126, routed)         1.611     5.137    CG1/CG1_4/CG1_4_1/CG1_4_1_1/clk_10Hz_reg_0
    SLICE_X65Y70         FDRE                                         r  CG1/CG1_4/CG1_4_1/CG1_4_1_1/period_count_reg[0]/C
  -------------------------------------------------------------------    -------------------
    SLICE_X65Y70         FDRE (Prop_fdre_C_Q)         0.456     5.593 r  CG1/CG1_4/CG1_4_1/CG1_4_1_1/period_count_reg[0]/Q
                         net (fo=3, routed)           1.773     7.366    CG1/CG1_4/CG1_4_1/CG1_4_1_1/period_count[0]
    SLICE_X65Y70         LUT4 (Prop_lut4_I0_O)        0.124     7.490 f  CG1/CG1_4/CG1_4_1/CG1_4_1_1/period_count[22]_i_4/O
                         net (fo=1, routed)           0.665     8.155    CG1/CG1_4/CG1_4_1/CG1_4_1_1/period_count[22]_i_4_n_0
    SLICE_X65Y70         LUT6 (Prop_lut6_I0_O)        0.124     8.279 f  CG1/CG1_4/CG1_4_1/CG1_4_1_1/period_count[22]_i_3/O
                         net (fo=1, routed)           0.151     8.431    CG1/CG1_4/CG1_4_1/CG1_4_1_1/period_count[22]_i_3_n_0
    SLICE_X65Y70         LUT6 (Prop_lut6_I5_O)        0.124     8.555 r  CG1/CG1_4/CG1_4_1/CG1_4_1_1/period_count[22]_i_1/O
                         net (fo=24, routed)          0.752     9.307    CG1/CG1_4/CG1_4_1/CG1_4_1_1/clk_10Hz
    SLICE_X64Y72         FDRE                                         r  CG1/CG1_4/CG1_4_1/CG1_4_1_1/period_count_reg[18]/R
  -------------------------------------------------------------------    -------------------

                         (clock sys_clk_pin rise edge)
                                                     10.000    10.000 r  
    F14                                               0.000    10.000 r  clk_fpga (IN)
                         net (fo=0)                   0.000    10.000    clk_fpga
    F14                  IBUF (Prop_ibuf_I_O)         1.388    11.388 r  clk_fpga_IBUF_inst/O
                         net (fo=1, routed)           1.868    13.256    clk_fpga_IBUF
    BUFGCTRL_X0Y16       BUFG (Prop_bufg_I_O)         0.091    13.347 r  clk_fpga_IBUF_BUFG_inst/O
                         net (fo=126, routed)         1.492    14.839    CG1/CG1_4/CG1_4_1/CG1_4_1_1/clk_10Hz_reg_0
    SLICE_X64Y72         FDRE                                         r  CG1/CG1_4/CG1_4_1/CG1_4_1_1/period_count_reg[18]/C
                         clock pessimism              0.272    15.111    
                         clock uncertainty           -0.035    15.076    
    SLICE_X64Y72         FDRE (Setup_fdre_C_R)       -0.524    14.552    CG1/CG1_4/CG1_4_1/CG1_4_1_1/period_count_reg[18]
  -------------------------------------------------------------------
                         required time                         14.552    
                         arrival time                          -9.307    
  -------------------------------------------------------------------
                         slack                                  5.245    

Slack (MET) :             5.245ns  (required time - arrival time)
  Source:                 CG1/CG1_4/CG1_4_1/CG1_4_1_1/period_count_reg[0]/C
                            (rising edge-triggered cell FDRE clocked by sys_clk_pin  {rise@0.000ns fall@5.000ns period=10.000ns})
  Destination:            CG1/CG1_4/CG1_4_1/CG1_4_1_1/period_count_reg[19]/R
                            (rising edge-triggered cell FDRE clocked by sys_clk_pin  {rise@0.000ns fall@5.000ns period=10.000ns})
  Path Group:             sys_clk_pin
  Path Type:              Setup (Max at Slow Process Corner)
  Requirement:            10.000ns  (sys_clk_pin rise@10.000ns - sys_clk_pin rise@0.000ns)
  Data Path Delay:        4.170ns  (logic 0.828ns (19.857%)  route 3.342ns (80.143%))
  Logic Levels:           3  (LUT4=1 LUT6=2)
  Clock Path Skew:        -0.026ns (DCD - SCD + CPR)
    Destination Clock Delay (DCD):    4.839ns = ( 14.839 - 10.000 ) 
    Source Clock Delay      (SCD):    5.137ns
    Clock Pessimism Removal (CPR):    0.272ns
  Clock Uncertainty:      0.035ns  ((TSJ^2 + TIJ^2)^1/2 + DJ) / 2 + PE
    Total System Jitter     (TSJ):    0.071ns
    Total Input Jitter      (TIJ):    0.000ns
    Discrete Jitter          (DJ):    0.000ns
    Phase Error              (PE):    0.000ns

    Location             Delay type                Incr(ns)  Path(ns)    Netlist Resource(s)
  -------------------------------------------------------------------    -------------------
                         (clock sys_clk_pin rise edge)
                                                      0.000     0.000 r  
    F14                                               0.000     0.000 r  clk_fpga (IN)
                         net (fo=0)                   0.000     0.000    clk_fpga
    F14                  IBUF (Prop_ibuf_I_O)         1.458     1.458 r  clk_fpga_IBUF_inst/O
                         net (fo=1, routed)           1.972     3.430    clk_fpga_IBUF
    BUFGCTRL_X0Y16       BUFG (Prop_bufg_I_O)         0.096     3.526 r  clk_fpga_IBUF_BUFG_inst/O
                         net (fo=126, routed)         1.611     5.137    CG1/CG1_4/CG1_4_1/CG1_4_1_1/clk_10Hz_reg_0
    SLICE_X65Y70         FDRE                                         r  CG1/CG1_4/CG1_4_1/CG1_4_1_1/period_count_reg[0]/C
  -------------------------------------------------------------------    -------------------
    SLICE_X65Y70         FDRE (Prop_fdre_C_Q)         0.456     5.593 r  CG1/CG1_4/CG1_4_1/CG1_4_1_1/period_count_reg[0]/Q
                         net (fo=3, routed)           1.773     7.366    CG1/CG1_4/CG1_4_1/CG1_4_1_1/period_count[0]
    SLICE_X65Y70         LUT4 (Prop_lut4_I0_O)        0.124     7.490 f  CG1/CG1_4/CG1_4_1/CG1_4_1_1/period_count[22]_i_4/O
                         net (fo=1, routed)           0.665     8.155    CG1/CG1_4/CG1_4_1/CG1_4_1_1/period_count[22]_i_4_n_0
    SLICE_X65Y70         LUT6 (Prop_lut6_I0_O)        0.124     8.279 f  CG1/CG1_4/CG1_4_1/CG1_4_1_1/period_count[22]_i_3/O
                         net (fo=1, routed)           0.151     8.431    CG1/CG1_4/CG1_4_1/CG1_4_1_1/period_count[22]_i_3_n_0
    SLICE_X65Y70         LUT6 (Prop_lut6_I5_O)        0.124     8.555 r  CG1/CG1_4/CG1_4_1/CG1_4_1_1/period_count[22]_i_1/O
                         net (fo=24, routed)          0.752     9.307    CG1/CG1_4/CG1_4_1/CG1_4_1_1/clk_10Hz
    SLICE_X64Y72         FDRE                                         r  CG1/CG1_4/CG1_4_1/CG1_4_1_1/period_count_reg[19]/R
  -------------------------------------------------------------------    -------------------

                         (clock sys_clk_pin rise edge)
                                                     10.000    10.000 r  
    F14                                               0.000    10.000 r  clk_fpga (IN)
                         net (fo=0)                   0.000    10.000    clk_fpga
    F14                  IBUF (Prop_ibuf_I_O)         1.388    11.388 r  clk_fpga_IBUF_inst/O
                         net (fo=1, routed)           1.868    13.256    clk_fpga_IBUF
    BUFGCTRL_X0Y16       BUFG (Prop_bufg_I_O)         0.091    13.347 r  clk_fpga_IBUF_BUFG_inst/O
                         net (fo=126, routed)         1.492    14.839    CG1/CG1_4/CG1_4_1/CG1_4_1_1/clk_10Hz_reg_0
    SLICE_X64Y72         FDRE                                         r  CG1/CG1_4/CG1_4_1/CG1_4_1_1/period_count_reg[19]/C
                         clock pessimism              0.272    15.111    
                         clock uncertainty           -0.035    15.076    
    SLICE_X64Y72         FDRE (Setup_fdre_C_R)       -0.524    14.552    CG1/CG1_4/CG1_4_1/CG1_4_1_1/period_count_reg[19]
  -------------------------------------------------------------------
                         required time                         14.552    
                         arrival time                          -9.307    
  -------------------------------------------------------------------
                         slack                                  5.245    

Slack (MET) :             5.245ns  (required time - arrival time)
  Source:                 CG1/CG1_4/CG1_4_1/CG1_4_1_1/period_count_reg[0]/C
                            (rising edge-triggered cell FDRE clocked by sys_clk_pin  {rise@0.000ns fall@5.000ns period=10.000ns})
  Destination:            CG1/CG1_4/CG1_4_1/CG1_4_1_1/period_count_reg[20]/R
                            (rising edge-triggered cell FDRE clocked by sys_clk_pin  {rise@0.000ns fall@5.000ns period=10.000ns})
  Path Group:             sys_clk_pin
  Path Type:              Setup (Max at Slow Process Corner)
  Requirement:            10.000ns  (sys_clk_pin rise@10.000ns - sys_clk_pin rise@0.000ns)
  Data Path Delay:        4.170ns  (logic 0.828ns (19.857%)  route 3.342ns (80.143%))
  Logic Levels:           3  (LUT4=1 LUT6=2)
  Clock Path Skew:        -0.026ns (DCD - SCD + CPR)
    Destination Clock Delay (DCD):    4.839ns = ( 14.839 - 10.000 ) 
    Source Clock Delay      (SCD):    5.137ns
    Clock Pessimism Removal (CPR):    0.272ns
  Clock Uncertainty:      0.035ns  ((TSJ^2 + TIJ^2)^1/2 + DJ) / 2 + PE
    Total System Jitter     (TSJ):    0.071ns
    Total Input Jitter      (TIJ):    0.000ns
    Discrete Jitter          (DJ):    0.000ns
    Phase Error              (PE):    0.000ns

    Location             Delay type                Incr(ns)  Path(ns)    Netlist Resource(s)
  -------------------------------------------------------------------    -------------------
                         (clock sys_clk_pin rise edge)
                                                      0.000     0.000 r  
    F14                                               0.000     0.000 r  clk_fpga (IN)
                         net (fo=0)                   0.000     0.000    clk_fpga
    F14                  IBUF (Prop_ibuf_I_O)         1.458     1.458 r  clk_fpga_IBUF_inst/O
                         net (fo=1, routed)           1.972     3.430    clk_fpga_IBUF
    BUFGCTRL_X0Y16       BUFG (Prop_bufg_I_O)         0.096     3.526 r  clk_fpga_IBUF_BUFG_inst/O
                         net (fo=126, routed)         1.611     5.137    CG1/CG1_4/CG1_4_1/CG1_4_1_1/clk_10Hz_reg_0
    SLICE_X65Y70         FDRE                                         r  CG1/CG1_4/CG1_4_1/CG1_4_1_1/period_count_reg[0]/C
  -------------------------------------------------------------------    -------------------
    SLICE_X65Y70         FDRE (Prop_fdre_C_Q)         0.456     5.593 r  CG1/CG1_4/CG1_4_1/CG1_4_1_1/period_count_reg[0]/Q
                         net (fo=3, routed)           1.773     7.366    CG1/CG1_4/CG1_4_1/CG1_4_1_1/period_count[0]
    SLICE_X65Y70         LUT4 (Prop_lut4_I0_O)        0.124     7.490 f  CG1/CG1_4/CG1_4_1/CG1_4_1_1/period_count[22]_i_4/O
                         net (fo=1, routed)           0.665     8.155    CG1/CG1_4/CG1_4_1/CG1_4_1_1/period_count[22]_i_4_n_0
    SLICE_X65Y70         LUT6 (Prop_lut6_I0_O)        0.124     8.279 f  CG1/CG1_4/CG1_4_1/CG1_4_1_1/period_count[22]_i_3/O
                         net (fo=1, routed)           0.151     8.431    CG1/CG1_4/CG1_4_1/CG1_4_1_1/period_count[22]_i_3_n_0
    SLICE_X65Y70         LUT6 (Prop_lut6_I5_O)        0.124     8.555 r  CG1/CG1_4/CG1_4_1/CG1_4_1_1/period_count[22]_i_1/O
                         net (fo=24, routed)          0.752     9.307    CG1/CG1_4/CG1_4_1/CG1_4_1_1/clk_10Hz
    SLICE_X64Y72         FDRE                                         r  CG1/CG1_4/CG1_4_1/CG1_4_1_1/period_count_reg[20]/R
  -------------------------------------------------------------------    -------------------

                         (clock sys_clk_pin rise edge)
                                                     10.000    10.000 r  
    F14                                               0.000    10.000 r  clk_fpga (IN)
                         net (fo=0)                   0.000    10.000    clk_fpga
    F14                  IBUF (Prop_ibuf_I_O)         1.388    11.388 r  clk_fpga_IBUF_inst/O
                         net (fo=1, routed)           1.868    13.256    clk_fpga_IBUF
    BUFGCTRL_X0Y16       BUFG (Prop_bufg_I_O)         0.091    13.347 r  clk_fpga_IBUF_BUFG_inst/O
                         net (fo=126, routed)         1.492    14.839    CG1/CG1_4/CG1_4_1/CG1_4_1_1/clk_10Hz_reg_0
    SLICE_X64Y72         FDRE                                         r  CG1/CG1_4/CG1_4_1/CG1_4_1_1/period_count_reg[20]/C
                         clock pessimism              0.272    15.111    
                         clock uncertainty           -0.035    15.076    
    SLICE_X64Y72         FDRE (Setup_fdre_C_R)       -0.524    14.552    CG1/CG1_4/CG1_4_1/CG1_4_1_1/period_count_reg[20]
  -------------------------------------------------------------------
                         required time                         14.552    
                         arrival time                          -9.307    
  -------------------------------------------------------------------
                         slack                                  5.245    

Slack (MET) :             5.331ns  (required time - arrival time)
  Source:                 CG1/CG1_4/CG1_4_1/CG1_4_1_1/period_count_reg[0]/C
                            (rising edge-triggered cell FDRE clocked by sys_clk_pin  {rise@0.000ns fall@5.000ns period=10.000ns})
  Destination:            CG1/CG1_4/CG1_4_1/CG1_4_1_1/period_count_reg[13]/R
                            (rising edge-triggered cell FDRE clocked by sys_clk_pin  {rise@0.000ns fall@5.000ns period=10.000ns})
  Path Group:             sys_clk_pin
  Path Type:              Setup (Max at Slow Process Corner)
  Requirement:            10.000ns  (sys_clk_pin rise@10.000ns - sys_clk_pin rise@0.000ns)
  Data Path Delay:        4.086ns  (logic 0.828ns (20.264%)  route 3.258ns (79.736%))
  Logic Levels:           3  (LUT4=1 LUT6=2)
  Clock Path Skew:        -0.024ns (DCD - SCD + CPR)
    Destination Clock Delay (DCD):    4.841ns = ( 14.841 - 10.000 ) 
    Source Clock Delay      (SCD):    5.137ns
    Clock Pessimism Removal (CPR):    0.272ns
  Clock Uncertainty:      0.035ns  ((TSJ^2 + TIJ^2)^1/2 + DJ) / 2 + PE
    Total System Jitter     (TSJ):    0.071ns
    Total Input Jitter      (TIJ):    0.000ns
    Discrete Jitter          (DJ):    0.000ns
    Phase Error              (PE):    0.000ns

    Location             Delay type                Incr(ns)  Path(ns)    Netlist Resource(s)
  -------------------------------------------------------------------    -------------------
                         (clock sys_clk_pin rise edge)
                                                      0.000     0.000 r  
    F14                                               0.000     0.000 r  clk_fpga (IN)
                         net (fo=0)                   0.000     0.000    clk_fpga
    F14                  IBUF (Prop_ibuf_I_O)         1.458     1.458 r  clk_fpga_IBUF_inst/O
                         net (fo=1, routed)           1.972     3.430    clk_fpga_IBUF
    BUFGCTRL_X0Y16       BUFG (Prop_bufg_I_O)         0.096     3.526 r  clk_fpga_IBUF_BUFG_inst/O
                         net (fo=126, routed)         1.611     5.137    CG1/CG1_4/CG1_4_1/CG1_4_1_1/clk_10Hz_reg_0
    SLICE_X65Y70         FDRE                                         r  CG1/CG1_4/CG1_4_1/CG1_4_1_1/period_count_reg[0]/C
  -------------------------------------------------------------------    -------------------
    SLICE_X65Y70         FDRE (Prop_fdre_C_Q)         0.456     5.593 r  CG1/CG1_4/CG1_4_1/CG1_4_1_1/period_count_reg[0]/Q
                         net (fo=3, routed)           1.773     7.366    CG1/CG1_4/CG1_4_1/CG1_4_1_1/period_count[0]
    SLICE_X65Y70         LUT4 (Prop_lut4_I0_O)        0.124     7.490 f  CG1/CG1_4/CG1_4_1/CG1_4_1_1/period_count[22]_i_4/O
                         net (fo=1, routed)           0.665     8.155    CG1/CG1_4/CG1_4_1/CG1_4_1_1/period_count[22]_i_4_n_0
    SLICE_X65Y70         LUT6 (Prop_lut6_I0_O)        0.124     8.279 f  CG1/CG1_4/CG1_4_1/CG1_4_1_1/period_count[22]_i_3/O
                         net (fo=1, routed)           0.151     8.431    CG1/CG1_4/CG1_4_1/CG1_4_1_1/period_count[22]_i_3_n_0
    SLICE_X65Y70         LUT6 (Prop_lut6_I5_O)        0.124     8.555 r  CG1/CG1_4/CG1_4_1/CG1_4_1_1/period_count[22]_i_1/O
                         net (fo=24, routed)          0.668     9.223    CG1/CG1_4/CG1_4_1/CG1_4_1_1/clk_10Hz
    SLICE_X64Y71         FDRE                                         r  CG1/CG1_4/CG1_4_1/CG1_4_1_1/period_count_reg[13]/R
  -------------------------------------------------------------------    -------------------

                         (clock sys_clk_pin rise edge)
                                                     10.000    10.000 r  
    F14                                               0.000    10.000 r  clk_fpga (IN)
                         net (fo=0)                   0.000    10.000    clk_fpga
    F14                  IBUF (Prop_ibuf_I_O)         1.388    11.388 r  clk_fpga_IBUF_inst/O
                         net (fo=1, routed)           1.868    13.256    clk_fpga_IBUF
    BUFGCTRL_X0Y16       BUFG (Prop_bufg_I_O)         0.091    13.347 r  clk_fpga_IBUF_BUFG_inst/O
                         net (fo=126, routed)         1.494    14.841    CG1/CG1_4/CG1_4_1/CG1_4_1_1/clk_10Hz_reg_0
    SLICE_X64Y71         FDRE                                         r  CG1/CG1_4/CG1_4_1/CG1_4_1_1/period_count_reg[13]/C
                         clock pessimism              0.272    15.113    
                         clock uncertainty           -0.035    15.078    
    SLICE_X64Y71         FDRE (Setup_fdre_C_R)       -0.524    14.554    CG1/CG1_4/CG1_4_1/CG1_4_1_1/period_count_reg[13]
  -------------------------------------------------------------------
                         required time                         14.554    
                         arrival time                          -9.223    
  -------------------------------------------------------------------
                         slack                                  5.331    

Slack (MET) :             5.331ns  (required time - arrival time)
  Source:                 CG1/CG1_4/CG1_4_1/CG1_4_1_1/period_count_reg[0]/C
                            (rising edge-triggered cell FDRE clocked by sys_clk_pin  {rise@0.000ns fall@5.000ns period=10.000ns})
  Destination:            CG1/CG1_4/CG1_4_1/CG1_4_1_1/period_count_reg[14]/R
                            (rising edge-triggered cell FDRE clocked by sys_clk_pin  {rise@0.000ns fall@5.000ns period=10.000ns})
  Path Group:             sys_clk_pin
  Path Type:              Setup (Max at Slow Process Corner)
  Requirement:            10.000ns  (sys_clk_pin rise@10.000ns - sys_clk_pin rise@0.000ns)
  Data Path Delay:        4.086ns  (logic 0.828ns (20.264%)  route 3.258ns (79.736%))
  Logic Levels:           3  (LUT4=1 LUT6=2)
  Clock Path Skew:        -0.024ns (DCD - SCD + CPR)
    Destination Clock Delay (DCD):    4.841ns = ( 14.841 - 10.000 ) 
    Source Clock Delay      (SCD):    5.137ns
    Clock Pessimism Removal (CPR):    0.272ns
  Clock Uncertainty:      0.035ns  ((TSJ^2 + TIJ^2)^1/2 + DJ) / 2 + PE
    Total System Jitter     (TSJ):    0.071ns
    Total Input Jitter      (TIJ):    0.000ns
    Discrete Jitter          (DJ):    0.000ns
    Phase Error              (PE):    0.000ns

    Location             Delay type                Incr(ns)  Path(ns)    Netlist Resource(s)
  -------------------------------------------------------------------    -------------------
                         (clock sys_clk_pin rise edge)
                                                      0.000     0.000 r  
    F14                                               0.000     0.000 r  clk_fpga (IN)
                         net (fo=0)                   0.000     0.000    clk_fpga
    F14                  IBUF (Prop_ibuf_I_O)         1.458     1.458 r  clk_fpga_IBUF_inst/O
                         net (fo=1, routed)           1.972     3.430    clk_fpga_IBUF
    BUFGCTRL_X0Y16       BUFG (Prop_bufg_I_O)         0.096     3.526 r  clk_fpga_IBUF_BUFG_inst/O
                         net (fo=126, routed)         1.611     5.137    CG1/CG1_4/CG1_4_1/CG1_4_1_1/clk_10Hz_reg_0
    SLICE_X65Y70         FDRE                                         r  CG1/CG1_4/CG1_4_1/CG1_4_1_1/period_count_reg[0]/C
  -------------------------------------------------------------------    -------------------
    SLICE_X65Y70         FDRE (Prop_fdre_C_Q)         0.456     5.593 r  CG1/CG1_4/CG1_4_1/CG1_4_1_1/period_count_reg[0]/Q
                         net (fo=3, routed)           1.773     7.366    CG1/CG1_4/CG1_4_1/CG1_4_1_1/period_count[0]
    SLICE_X65Y70         LUT4 (Prop_lut4_I0_O)        0.124     7.490 f  CG1/CG1_4/CG1_4_1/CG1_4_1_1/period_count[22]_i_4/O
                         net (fo=1, routed)           0.665     8.155    CG1/CG1_4/CG1_4_1/CG1_4_1_1/period_count[22]_i_4_n_0
    SLICE_X65Y70         LUT6 (Prop_lut6_I0_O)        0.124     8.279 f  CG1/CG1_4/CG1_4_1/CG1_4_1_1/period_count[22]_i_3/O
                         net (fo=1, routed)           0.151     8.431    CG1/CG1_4/CG1_4_1/CG1_4_1_1/period_count[22]_i_3_n_0
    SLICE_X65Y70         LUT6 (Prop_lut6_I5_O)        0.124     8.555 r  CG1/CG1_4/CG1_4_1/CG1_4_1_1/period_count[22]_i_1/O
                         net (fo=24, routed)          0.668     9.223    CG1/CG1_4/CG1_4_1/CG1_4_1_1/clk_10Hz
    SLICE_X64Y71         FDRE                                         r  CG1/CG1_4/CG1_4_1/CG1_4_1_1/period_count_reg[14]/R
  -------------------------------------------------------------------    -------------------

                         (clock sys_clk_pin rise edge)
                                                     10.000    10.000 r  
    F14                                               0.000    10.000 r  clk_fpga (IN)
                         net (fo=0)                   0.000    10.000    clk_fpga
    F14                  IBUF (Prop_ibuf_I_O)         1.388    11.388 r  clk_fpga_IBUF_inst/O
                         net (fo=1, routed)           1.868    13.256    clk_fpga_IBUF
    BUFGCTRL_X0Y16       BUFG (Prop_bufg_I_O)         0.091    13.347 r  clk_fpga_IBUF_BUFG_inst/O
                         net (fo=126, routed)         1.494    14.841    CG1/CG1_4/CG1_4_1/CG1_4_1_1/clk_10Hz_reg_0
    SLICE_X64Y71         FDRE                                         r  CG1/CG1_4/CG1_4_1/CG1_4_1_1/period_count_reg[14]/C
                         clock pessimism              0.272    15.113    
                         clock uncertainty           -0.035    15.078    
    SLICE_X64Y71         FDRE (Setup_fdre_C_R)       -0.524    14.554    CG1/CG1_4/CG1_4_1/CG1_4_1_1/period_count_reg[14]
  -------------------------------------------------------------------
                         required time                         14.554    
                         arrival time                          -9.223    
  -------------------------------------------------------------------
                         slack                                  5.331    

Slack (MET) :             5.331ns  (required time - arrival time)
  Source:                 CG1/CG1_4/CG1_4_1/CG1_4_1_1/period_count_reg[0]/C
                            (rising edge-triggered cell FDRE clocked by sys_clk_pin  {rise@0.000ns fall@5.000ns period=10.000ns})
  Destination:            CG1/CG1_4/CG1_4_1/CG1_4_1_1/period_count_reg[15]/R
                            (rising edge-triggered cell FDRE clocked by sys_clk_pin  {rise@0.000ns fall@5.000ns period=10.000ns})
  Path Group:             sys_clk_pin
  Path Type:              Setup (Max at Slow Process Corner)
  Requirement:            10.000ns  (sys_clk_pin rise@10.000ns - sys_clk_pin rise@0.000ns)
  Data Path Delay:        4.086ns  (logic 0.828ns (20.264%)  route 3.258ns (79.736%))
  Logic Levels:           3  (LUT4=1 LUT6=2)
  Clock Path Skew:        -0.024ns (DCD - SCD + CPR)
    Destination Clock Delay (DCD):    4.841ns = ( 14.841 - 10.000 ) 
    Source Clock Delay      (SCD):    5.137ns
    Clock Pessimism Removal (CPR):    0.272ns
  Clock Uncertainty:      0.035ns  ((TSJ^2 + TIJ^2)^1/2 + DJ) / 2 + PE
    Total System Jitter     (TSJ):    0.071ns
    Total Input Jitter      (TIJ):    0.000ns
    Discrete Jitter          (DJ):    0.000ns
    Phase Error              (PE):    0.000ns

    Location             Delay type                Incr(ns)  Path(ns)    Netlist Resource(s)
  -------------------------------------------------------------------    -------------------
                         (clock sys_clk_pin rise edge)
                                                      0.000     0.000 r  
    F14                                               0.000     0.000 r  clk_fpga (IN)
                         net (fo=0)                   0.000     0.000    clk_fpga
    F14                  IBUF (Prop_ibuf_I_O)         1.458     1.458 r  clk_fpga_IBUF_inst/O
                         net (fo=1, routed)           1.972     3.430    clk_fpga_IBUF
    BUFGCTRL_X0Y16       BUFG (Prop_bufg_I_O)         0.096     3.526 r  clk_fpga_IBUF_BUFG_inst/O
                         net (fo=126, routed)         1.611     5.137    CG1/CG1_4/CG1_4_1/CG1_4_1_1/clk_10Hz_reg_0
    SLICE_X65Y70         FDRE                                         r  CG1/CG1_4/CG1_4_1/CG1_4_1_1/period_count_reg[0]/C
  -------------------------------------------------------------------    -------------------
    SLICE_X65Y70         FDRE (Prop_fdre_C_Q)         0.456     5.593 r  CG1/CG1_4/CG1_4_1/CG1_4_1_1/period_count_reg[0]/Q
                         net (fo=3, routed)           1.773     7.366    CG1/CG1_4/CG1_4_1/CG1_4_1_1/period_count[0]
    SLICE_X65Y70         LUT4 (Prop_lut4_I0_O)        0.124     7.490 f  CG1/CG1_4/CG1_4_1/CG1_4_1_1/period_count[22]_i_4/O
                         net (fo=1, routed)           0.665     8.155    CG1/CG1_4/CG1_4_1/CG1_4_1_1/period_count[22]_i_4_n_0
    SLICE_X65Y70         LUT6 (Prop_lut6_I0_O)        0.124     8.279 f  CG1/CG1_4/CG1_4_1/CG1_4_1_1/period_count[22]_i_3/O
                         net (fo=1, routed)           0.151     8.431    CG1/CG1_4/CG1_4_1/CG1_4_1_1/period_count[22]_i_3_n_0
    SLICE_X65Y70         LUT6 (Prop_lut6_I5_O)        0.124     8.555 r  CG1/CG1_4/CG1_4_1/CG1_4_1_1/period_count[22]_i_1/O
                         net (fo=24, routed)          0.668     9.223    CG1/CG1_4/CG1_4_1/CG1_4_1_1/clk_10Hz
    SLICE_X64Y71         FDRE                                         r  CG1/CG1_4/CG1_4_1/CG1_4_1_1/period_count_reg[15]/R
  -------------------------------------------------------------------    -------------------

                         (clock sys_clk_pin rise edge)
                                                     10.000    10.000 r  
    F14                                               0.000    10.000 r  clk_fpga (IN)
                         net (fo=0)                   0.000    10.000    clk_fpga
    F14                  IBUF (Prop_ibuf_I_O)         1.388    11.388 r  clk_fpga_IBUF_inst/O
                         net (fo=1, routed)           1.868    13.256    clk_fpga_IBUF
    BUFGCTRL_X0Y16       BUFG (Prop_bufg_I_O)         0.091    13.347 r  clk_fpga_IBUF_BUFG_inst/O
                         net (fo=126, routed)         1.494    14.841    CG1/CG1_4/CG1_4_1/CG1_4_1_1/clk_10Hz_reg_0
    SLICE_X64Y71         FDRE                                         r  CG1/CG1_4/CG1_4_1/CG1_4_1_1/period_count_reg[15]/C
                         clock pessimism              0.272    15.113    
                         clock uncertainty           -0.035    15.078    
    SLICE_X64Y71         FDRE (Setup_fdre_C_R)       -0.524    14.554    CG1/CG1_4/CG1_4_1/CG1_4_1_1/period_count_reg[15]
  -------------------------------------------------------------------
                         required time                         14.554    
                         arrival time                          -9.223    
  -------------------------------------------------------------------
                         slack                                  5.331    

Slack (MET) :             5.331ns  (required time - arrival time)
  Source:                 CG1/CG1_4/CG1_4_1/CG1_4_1_1/period_count_reg[0]/C
                            (rising edge-triggered cell FDRE clocked by sys_clk_pin  {rise@0.000ns fall@5.000ns period=10.000ns})
  Destination:            CG1/CG1_4/CG1_4_1/CG1_4_1_1/period_count_reg[16]/R
                            (rising edge-triggered cell FDRE clocked by sys_clk_pin  {rise@0.000ns fall@5.000ns period=10.000ns})
  Path Group:             sys_clk_pin
  Path Type:              Setup (Max at Slow Process Corner)
  Requirement:            10.000ns  (sys_clk_pin rise@10.000ns - sys_clk_pin rise@0.000ns)
  Data Path Delay:        4.086ns  (logic 0.828ns (20.264%)  route 3.258ns (79.736%))
  Logic Levels:           3  (LUT4=1 LUT6=2)
  Clock Path Skew:        -0.024ns (DCD - SCD + CPR)
    Destination Clock Delay (DCD):    4.841ns = ( 14.841 - 10.000 ) 
    Source Clock Delay      (SCD):    5.137ns
    Clock Pessimism Removal (CPR):    0.272ns
  Clock Uncertainty:      0.035ns  ((TSJ^2 + TIJ^2)^1/2 + DJ) / 2 + PE
    Total System Jitter     (TSJ):    0.071ns
    Total Input Jitter      (TIJ):    0.000ns
    Discrete Jitter          (DJ):    0.000ns
    Phase Error              (PE):    0.000ns

    Location             Delay type                Incr(ns)  Path(ns)    Netlist Resource(s)
  -------------------------------------------------------------------    -------------------
                         (clock sys_clk_pin rise edge)
                                                      0.000     0.000 r  
    F14                                               0.000     0.000 r  clk_fpga (IN)
                         net (fo=0)                   0.000     0.000    clk_fpga
    F14                  IBUF (Prop_ibuf_I_O)         1.458     1.458 r  clk_fpga_IBUF_inst/O
                         net (fo=1, routed)           1.972     3.430    clk_fpga_IBUF
    BUFGCTRL_X0Y16       BUFG (Prop_bufg_I_O)         0.096     3.526 r  clk_fpga_IBUF_BUFG_inst/O
                         net (fo=126, routed)         1.611     5.137    CG1/CG1_4/CG1_4_1/CG1_4_1_1/clk_10Hz_reg_0
    SLICE_X65Y70         FDRE                                         r  CG1/CG1_4/CG1_4_1/CG1_4_1_1/period_count_reg[0]/C
  -------------------------------------------------------------------    -------------------
    SLICE_X65Y70         FDRE (Prop_fdre_C_Q)         0.456     5.593 r  CG1/CG1_4/CG1_4_1/CG1_4_1_1/period_count_reg[0]/Q
                         net (fo=3, routed)           1.773     7.366    CG1/CG1_4/CG1_4_1/CG1_4_1_1/period_count[0]
    SLICE_X65Y70         LUT4 (Prop_lut4_I0_O)        0.124     7.490 f  CG1/CG1_4/CG1_4_1/CG1_4_1_1/period_count[22]_i_4/O
                         net (fo=1, routed)           0.665     8.155    CG1/CG1_4/CG1_4_1/CG1_4_1_1/period_count[22]_i_4_n_0
    SLICE_X65Y70         LUT6 (Prop_lut6_I0_O)        0.124     8.279 f  CG1/CG1_4/CG1_4_1/CG1_4_1_1/period_count[22]_i_3/O
                         net (fo=1, routed)           0.151     8.431    CG1/CG1_4/CG1_4_1/CG1_4_1_1/period_count[22]_i_3_n_0
    SLICE_X65Y70         LUT6 (Prop_lut6_I5_O)        0.124     8.555 r  CG1/CG1_4/CG1_4_1/CG1_4_1_1/period_count[22]_i_1/O
                         net (fo=24, routed)          0.668     9.223    CG1/CG1_4/CG1_4_1/CG1_4_1_1/clk_10Hz
    SLICE_X64Y71         FDRE                                         r  CG1/CG1_4/CG1_4_1/CG1_4_1_1/period_count_reg[16]/R
  -------------------------------------------------------------------    -------------------

                         (clock sys_clk_pin rise edge)
                                                     10.000    10.000 r  
    F14                                               0.000    10.000 r  clk_fpga (IN)
                         net (fo=0)                   0.000    10.000    clk_fpga
    F14                  IBUF (Prop_ibuf_I_O)         1.388    11.388 r  clk_fpga_IBUF_inst/O
                         net (fo=1, routed)           1.868    13.256    clk_fpga_IBUF
    BUFGCTRL_X0Y16       BUFG (Prop_bufg_I_O)         0.091    13.347 r  clk_fpga_IBUF_BUFG_inst/O
                         net (fo=126, routed)         1.494    14.841    CG1/CG1_4/CG1_4_1/CG1_4_1_1/clk_10Hz_reg_0
    SLICE_X64Y71         FDRE                                         r  CG1/CG1_4/CG1_4_1/CG1_4_1_1/period_count_reg[16]/C
                         clock pessimism              0.272    15.113    
                         clock uncertainty           -0.035    15.078    
    SLICE_X64Y71         FDRE (Setup_fdre_C_R)       -0.524    14.554    CG1/CG1_4/CG1_4_1/CG1_4_1_1/period_count_reg[16]
  -------------------------------------------------------------------
                         required time                         14.554    
                         arrival time                          -9.223    
  -------------------------------------------------------------------
                         slack                                  5.331    





Min Delay Paths
--------------------------------------------------------------------------------------
Slack (MET) :             0.178ns  (arrival time - required time)
  Source:                 CG1/CG1_4/team1Balls_reg[2]/C
                            (rising edge-triggered cell FDCE clocked by sys_clk_pin  {rise@0.000ns fall@5.000ns period=10.000ns})
  Destination:            CG1/CG1_4/leds_reg[2]/D
                            (rising edge-triggered cell FDCE clocked by sys_clk_pin  {rise@0.000ns fall@5.000ns period=10.000ns})
  Path Group:             sys_clk_pin
  Path Type:              Hold (Min at Fast Process Corner)
  Requirement:            0.000ns  (sys_clk_pin rise@0.000ns - sys_clk_pin rise@0.000ns)
  Data Path Delay:        0.333ns  (logic 0.186ns (55.830%)  route 0.147ns (44.170%))
  Logic Levels:           1  (LUT6=1)
  Clock Path Skew:        0.034ns (DCD - SCD - CPR)
    Destination Clock Delay (DCD):    1.977ns
    Source Clock Delay      (SCD):    1.464ns
    Clock Pessimism Removal (CPR):    0.479ns

    Location             Delay type                Incr(ns)  Path(ns)    Netlist Resource(s)
  -------------------------------------------------------------------    -------------------
                         (clock sys_clk_pin rise edge)
                                                      0.000     0.000 r  
    F14                                               0.000     0.000 r  clk_fpga (IN)
                         net (fo=0)                   0.000     0.000    clk_fpga
    F14                  IBUF (Prop_ibuf_I_O)         0.226     0.226 r  clk_fpga_IBUF_inst/O
                         net (fo=1, routed)           0.634     0.861    clk_fpga_IBUF
    BUFGCTRL_X0Y16       BUFG (Prop_bufg_I_O)         0.026     0.887 r  clk_fpga_IBUF_BUFG_inst/O
                         net (fo=126, routed)         0.578     1.464    CG1/CG1_4/CLK
    SLICE_X63Y75         FDCE                                         r  CG1/CG1_4/team1Balls_reg[2]/C
  -------------------------------------------------------------------    -------------------
    SLICE_X63Y75         FDCE (Prop_fdce_C_Q)         0.141     1.605 r  CG1/CG1_4/team1Balls_reg[2]/Q
                         net (fo=6, routed)           0.147     1.752    CG1/CG1_4/CG1_4_1/Q[2]
    SLICE_X64Y74         LUT6 (Prop_lut6_I1_O)        0.045     1.797 r  CG1/CG1_4/CG1_4_1/leds[2]_i_1/O
                         net (fo=1, routed)           0.000     1.797    CG1/CG1_4/CG1_4_1_n_4
    SLICE_X64Y74         FDCE                                         r  CG1/CG1_4/leds_reg[2]/D
  -------------------------------------------------------------------    -------------------

                         (clock sys_clk_pin rise edge)
                                                      0.000     0.000 r  
    F14                                               0.000     0.000 r  clk_fpga (IN)
                         net (fo=0)                   0.000     0.000    clk_fpga
    F14                  IBUF (Prop_ibuf_I_O)         0.414     0.414 r  clk_fpga_IBUF_inst/O
                         net (fo=1, routed)           0.689     1.103    clk_fpga_IBUF
    BUFGCTRL_X0Y16       BUFG (Prop_bufg_I_O)         0.029     1.132 r  clk_fpga_IBUF_BUFG_inst/O
                         net (fo=126, routed)         0.845     1.977    CG1/CG1_4/CLK
    SLICE_X64Y74         FDCE                                         r  CG1/CG1_4/leds_reg[2]/C
                         clock pessimism             -0.479     1.498    
    SLICE_X64Y74         FDCE (Hold_fdce_C_D)         0.121     1.619    CG1/CG1_4/leds_reg[2]
  -------------------------------------------------------------------
                         required time                         -1.619    
                         arrival time                           1.797    
  -------------------------------------------------------------------
                         slack                                  0.178    

Slack (MET) :             0.202ns  (arrival time - required time)
  Source:                 CG1/CG1_2/team1Data_reg[4]/C
                            (rising edge-triggered cell FDCE clocked by sys_clk_pin  {rise@0.000ns fall@5.000ns period=10.000ns})
  Destination:            CG1/CG1_2/binaryRuns_reg[0]/D
                            (rising edge-triggered cell FDCE clocked by sys_clk_pin  {rise@0.000ns fall@5.000ns period=10.000ns})
  Path Group:             sys_clk_pin
  Path Type:              Hold (Min at Fast Process Corner)
  Requirement:            0.000ns  (sys_clk_pin rise@0.000ns - sys_clk_pin rise@0.000ns)
  Data Path Delay:        0.306ns  (logic 0.186ns (60.808%)  route 0.120ns (39.192%))
  Logic Levels:           1  (LUT3=1)
  Clock Path Skew:        0.013ns (DCD - SCD - CPR)
    Destination Clock Delay (DCD):    1.975ns
    Source Clock Delay      (SCD):    1.463ns
    Clock Pessimism Removal (CPR):    0.499ns

    Location             Delay type                Incr(ns)  Path(ns)    Netlist Resource(s)
  -------------------------------------------------------------------    -------------------
                         (clock sys_clk_pin rise edge)
                                                      0.000     0.000 r  
    F14                                               0.000     0.000 r  clk_fpga (IN)
                         net (fo=0)                   0.000     0.000    clk_fpga
    F14                  IBUF (Prop_ibuf_I_O)         0.226     0.226 r  clk_fpga_IBUF_inst/O
                         net (fo=1, routed)           0.634     0.861    clk_fpga_IBUF
    BUFGCTRL_X0Y16       BUFG (Prop_bufg_I_O)         0.026     0.887 r  clk_fpga_IBUF_BUFG_inst/O
                         net (fo=126, routed)         0.577     1.463    CG1/CG1_2/CLK
    SLICE_X58Y75         FDCE                                         r  CG1/CG1_2/team1Data_reg[4]/C
  -------------------------------------------------------------------    -------------------
    SLICE_X58Y75         FDCE (Prop_fdce_C_Q)         0.141     1.604 r  CG1/CG1_2/team1Data_reg[4]/Q
                         net (fo=5, routed)           0.120     1.724    CG1/CG1_2/team1Data_reg[6]_0[0]
    SLICE_X59Y75         LUT3 (Prop_lut3_I0_O)        0.045     1.769 r  CG1/CG1_2/binaryRuns[0]_i_1/O
                         net (fo=1, routed)           0.000     1.769    CG1/CG1_2/binaryRuns[0]_i_1_n_0
    SLICE_X59Y75         FDCE                                         r  CG1/CG1_2/binaryRuns_reg[0]/D
  -------------------------------------------------------------------    -------------------

                         (clock sys_clk_pin rise edge)
                                                      0.000     0.000 r  
    F14                                               0.000     0.000 r  clk_fpga (IN)
                         net (fo=0)                   0.000     0.000    clk_fpga
    F14                  IBUF (Prop_ibuf_I_O)         0.414     0.414 r  clk_fpga_IBUF_inst/O
                         net (fo=1, routed)           0.689     1.103    clk_fpga_IBUF
    BUFGCTRL_X0Y16       BUFG (Prop_bufg_I_O)         0.029     1.132 r  clk_fpga_IBUF_BUFG_inst/O
                         net (fo=126, routed)         0.844     1.975    CG1/CG1_2/CLK
    SLICE_X59Y75         FDCE                                         r  CG1/CG1_2/binaryRuns_reg[0]/C
                         clock pessimism             -0.499     1.476    
    SLICE_X59Y75         FDCE (Hold_fdce_C_D)         0.091     1.567    CG1/CG1_2/binaryRuns_reg[0]
  -------------------------------------------------------------------
                         required time                         -1.567    
                         arrival time                           1.769    
  -------------------------------------------------------------------
                         slack                                  0.202    

Slack (MET) :             0.211ns  (arrival time - required time)
  Source:                 CG1/CG1_1/shift_reg[5]/C
                            (rising edge-triggered cell FDSE clocked by sys_clk_pin  {rise@0.000ns fall@5.000ns period=10.000ns})
  Destination:            CG1/CG1_1/shift_reg[4]/D
                            (rising edge-triggered cell FDSE clocked by sys_clk_pin  {rise@0.000ns fall@5.000ns period=10.000ns})
  Path Group:             sys_clk_pin
  Path Type:              Hold (Min at Fast Process Corner)
  Requirement:            0.000ns  (sys_clk_pin rise@0.000ns - sys_clk_pin rise@0.000ns)
  Data Path Delay:        0.274ns  (logic 0.164ns (59.853%)  route 0.110ns (40.147%))
  Logic Levels:           0  
  Clock Path Skew:        0.000ns (DCD - SCD - CPR)
    Destination Clock Delay (DCD):    1.975ns
    Source Clock Delay      (SCD):    1.463ns
    Clock Pessimism Removal (CPR):    0.512ns

    Location             Delay type                Incr(ns)  Path(ns)    Netlist Resource(s)
  -------------------------------------------------------------------    -------------------
                         (clock sys_clk_pin rise edge)
                                                      0.000     0.000 r  
    F14                                               0.000     0.000 r  clk_fpga (IN)
                         net (fo=0)                   0.000     0.000    clk_fpga
    F14                  IBUF (Prop_ibuf_I_O)         0.226     0.226 r  clk_fpga_IBUF_inst/O
                         net (fo=1, routed)           0.634     0.861    clk_fpga_IBUF
    BUFGCTRL_X0Y16       BUFG (Prop_bufg_I_O)         0.026     0.887 r  clk_fpga_IBUF_BUFG_inst/O
                         net (fo=126, routed)         0.577     1.463    CG1/CG1_1/CLK
    SLICE_X60Y74         FDSE                                         r  CG1/CG1_1/shift_reg[5]/C
  -------------------------------------------------------------------    -------------------
    SLICE_X60Y74         FDSE (Prop_fdse_C_Q)         0.164     1.627 r  CG1/CG1_1/shift_reg[5]/Q
                         net (fo=1, routed)           0.110     1.737    CG1/CG1_1/shift[5]
    SLICE_X60Y74         FDSE                                         r  CG1/CG1_1/shift_reg[4]/D
  -------------------------------------------------------------------    -------------------

                         (clock sys_clk_pin rise edge)
                                                      0.000     0.000 r  
    F14                                               0.000     0.000 r  clk_fpga (IN)
                         net (fo=0)                   0.000     0.000    clk_fpga
    F14                  IBUF (Prop_ibuf_I_O)         0.414     0.414 r  clk_fpga_IBUF_inst/O
                         net (fo=1, routed)           0.689     1.103    clk_fpga_IBUF
    BUFGCTRL_X0Y16       BUFG (Prop_bufg_I_O)         0.029     1.132 r  clk_fpga_IBUF_BUFG_inst/O
                         net (fo=126, routed)         0.844     1.975    CG1/CG1_1/CLK
    SLICE_X60Y74         FDSE                                         r  CG1/CG1_1/shift_reg[4]/C
                         clock pessimism             -0.512     1.463    
    SLICE_X60Y74         FDSE (Hold_fdse_C_D)         0.063     1.526    CG1/CG1_1/shift_reg[4]
  -------------------------------------------------------------------
                         required time                         -1.526    
                         arrival time                           1.737    
  -------------------------------------------------------------------
                         slack                                  0.211    

Slack (MET) :             0.238ns  (arrival time - required time)
  Source:                 CG1/CG1_2/team2Data_reg[0]/C
                            (rising edge-triggered cell FDCE clocked by sys_clk_pin  {rise@0.000ns fall@5.000ns period=10.000ns})
  Destination:            CG1/CG1_2/team2Data_reg[1]/D
                            (rising edge-triggered cell FDCE clocked by sys_clk_pin  {rise@0.000ns fall@5.000ns period=10.000ns})
  Path Group:             sys_clk_pin
  Path Type:              Hold (Min at Fast Process Corner)
  Requirement:            0.000ns  (sys_clk_pin rise@0.000ns - sys_clk_pin rise@0.000ns)
  Data Path Delay:        0.372ns  (logic 0.293ns (78.721%)  route 0.079ns (21.279%))
  Logic Levels:           1  (CARRY4=1)
  Clock Path Skew:        0.000ns (DCD - SCD - CPR)
    Destination Clock Delay (DCD):    1.975ns
    Source Clock Delay      (SCD):    1.463ns
    Clock Pessimism Removal (CPR):    0.512ns

    Location             Delay type                Incr(ns)  Path(ns)    Netlist Resource(s)
  -------------------------------------------------------------------    -------------------
                         (clock sys_clk_pin rise edge)
                                                      0.000     0.000 r  
    F14                                               0.000     0.000 r  clk_fpga (IN)
                         net (fo=0)                   0.000     0.000    clk_fpga
    F14                  IBUF (Prop_ibuf_I_O)         0.226     0.226 r  clk_fpga_IBUF_inst/O
                         net (fo=1, routed)           0.634     0.861    clk_fpga_IBUF
    BUFGCTRL_X0Y16       BUFG (Prop_bufg_I_O)         0.026     0.887 r  clk_fpga_IBUF_BUFG_inst/O
                         net (fo=126, routed)         0.577     1.463    CG1/CG1_2/CLK
    SLICE_X60Y75         FDCE                                         r  CG1/CG1_2/team2Data_reg[0]/C
  -------------------------------------------------------------------    -------------------
    SLICE_X60Y75         FDCE (Prop_fdce_C_Q)         0.164     1.627 r  CG1/CG1_2/team2Data_reg[0]/Q
                         net (fo=3, routed)           0.079     1.706    CG1/CG1_2/DI[0]
    SLICE_X60Y75         CARRY4 (Prop_carry4_DI[0]_O[1])
                                                      0.129     1.835 r  CG1/CG1_2/team2Data_reg[0]_i_2/O[1]
                         net (fo=1, routed)           0.000     1.835    CG1/CG1_2/team2Data_reg[0]_i_2_n_6
    SLICE_X60Y75         FDCE                                         r  CG1/CG1_2/team2Data_reg[1]/D
  -------------------------------------------------------------------    -------------------

                         (clock sys_clk_pin rise edge)
                                                      0.000     0.000 r  
    F14                                               0.000     0.000 r  clk_fpga (IN)
                         net (fo=0)                   0.000     0.000    clk_fpga
    F14                  IBUF (Prop_ibuf_I_O)         0.414     0.414 r  clk_fpga_IBUF_inst/O
                         net (fo=1, routed)           0.689     1.103    clk_fpga_IBUF
    BUFGCTRL_X0Y16       BUFG (Prop_bufg_I_O)         0.029     1.132 r  clk_fpga_IBUF_BUFG_inst/O
                         net (fo=126, routed)         0.844     1.975    CG1/CG1_2/CLK
    SLICE_X60Y75         FDCE                                         r  CG1/CG1_2/team2Data_reg[1]/C
                         clock pessimism             -0.512     1.463    
    SLICE_X60Y75         FDCE (Hold_fdce_C_D)         0.134     1.597    CG1/CG1_2/team2Data_reg[1]
  -------------------------------------------------------------------
                         required time                         -1.597    
                         arrival time                           1.835    
  -------------------------------------------------------------------
                         slack                                  0.238    

Slack (MET) :             0.245ns  (arrival time - required time)
  Source:                 CG1/CG1_2/team1Data_reg[8]/C
                            (rising edge-triggered cell FDCE clocked by sys_clk_pin  {rise@0.000ns fall@5.000ns period=10.000ns})
  Destination:            CG1/CG1_2/binaryRuns_reg[4]/D
                            (rising edge-triggered cell FDCE clocked by sys_clk_pin  {rise@0.000ns fall@5.000ns period=10.000ns})
  Path Group:             sys_clk_pin
  Path Type:              Hold (Min at Fast Process Corner)
  Requirement:            0.000ns  (sys_clk_pin rise@0.000ns - sys_clk_pin rise@0.000ns)
  Data Path Delay:        0.371ns  (logic 0.186ns (50.132%)  route 0.185ns (49.868%))
  Logic Levels:           1  (LUT3=1)
  Clock Path Skew:        0.035ns (DCD - SCD - CPR)
    Destination Clock Delay (DCD):    1.978ns
    Source Clock Delay      (SCD):    1.464ns
    Clock Pessimism Removal (CPR):    0.479ns

    Location             Delay type                Incr(ns)  Path(ns)    Netlist Resource(s)
  -------------------------------------------------------------------    -------------------
                         (clock sys_clk_pin rise edge)
                                                      0.000     0.000 r  
    F14                                               0.000     0.000 r  clk_fpga (IN)
                         net (fo=0)                   0.000     0.000    clk_fpga
    F14                  IBUF (Prop_ibuf_I_O)         0.226     0.226 r  clk_fpga_IBUF_inst/O
                         net (fo=1, routed)           0.634     0.861    clk_fpga_IBUF
    BUFGCTRL_X0Y16       BUFG (Prop_bufg_I_O)         0.026     0.887 r  clk_fpga_IBUF_BUFG_inst/O
                         net (fo=126, routed)         0.578     1.464    CG1/CG1_2/CLK
    SLICE_X58Y76         FDCE                                         r  CG1/CG1_2/team1Data_reg[8]/C
  -------------------------------------------------------------------    -------------------
    SLICE_X58Y76         FDCE (Prop_fdce_C_Q)         0.141     1.605 r  CG1/CG1_2/team1Data_reg[8]/Q
                         net (fo=4, routed)           0.185     1.790    CG1/CG1_2/team1Data_reg[8]
    SLICE_X62Y76         LUT3 (Prop_lut3_I0_O)        0.045     1.835 r  CG1/CG1_2/binaryRuns[4]_i_1/O
                         net (fo=1, routed)           0.000     1.835    CG1/CG1_2/binaryRuns[4]_i_1_n_0
    SLICE_X62Y76         FDCE                                         r  CG1/CG1_2/binaryRuns_reg[4]/D
  -------------------------------------------------------------------    -------------------

                         (clock sys_clk_pin rise edge)
                                                      0.000     0.000 r  
    F14                                               0.000     0.000 r  clk_fpga (IN)
                         net (fo=0)                   0.000     0.000    clk_fpga
    F14                  IBUF (Prop_ibuf_I_O)         0.414     0.414 r  clk_fpga_IBUF_inst/O
                         net (fo=1, routed)           0.689     1.103    clk_fpga_IBUF
    BUFGCTRL_X0Y16       BUFG (Prop_bufg_I_O)         0.029     1.132 r  clk_fpga_IBUF_BUFG_inst/O
                         net (fo=126, routed)         0.846     1.978    CG1/CG1_2/CLK
    SLICE_X62Y76         FDCE                                         r  CG1/CG1_2/binaryRuns_reg[4]/C
                         clock pessimism             -0.479     1.499    
    SLICE_X62Y76         FDCE (Hold_fdce_C_D)         0.091     1.590    CG1/CG1_2/binaryRuns_reg[4]
  -------------------------------------------------------------------
                         required time                         -1.590    
                         arrival time                           1.835    
  -------------------------------------------------------------------
                         slack                                  0.245    

Slack (MET) :             0.246ns  (arrival time - required time)
  Source:                 CG1/CG1_1/shift_reg[1]/C
                            (rising edge-triggered cell FDSE clocked by sys_clk_pin  {rise@0.000ns fall@5.000ns period=10.000ns})
  Destination:            CG1/CG1_1/shift_reg[5]/D
                            (rising edge-triggered cell FDSE clocked by sys_clk_pin  {rise@0.000ns fall@5.000ns period=10.000ns})
  Path Group:             sys_clk_pin
  Path Type:              Hold (Min at Fast Process Corner)
  Requirement:            0.000ns  (sys_clk_pin rise@0.000ns - sys_clk_pin rise@0.000ns)
  Data Path Delay:        0.366ns  (logic 0.246ns (67.152%)  route 0.120ns (32.848%))
  Logic Levels:           1  (LUT2=1)
  Clock Path Skew:        0.000ns (DCD - SCD - CPR)
    Destination Clock Delay (DCD):    1.975ns
    Source Clock Delay      (SCD):    1.463ns
    Clock Pessimism Removal (CPR):    0.512ns

    Location             Delay type                Incr(ns)  Path(ns)    Netlist Resource(s)
  -------------------------------------------------------------------    -------------------
                         (clock sys_clk_pin rise edge)
                                                      0.000     0.000 r  
    F14                                               0.000     0.000 r  clk_fpga (IN)
                         net (fo=0)                   0.000     0.000    clk_fpga
    F14                  IBUF (Prop_ibuf_I_O)         0.226     0.226 r  clk_fpga_IBUF_inst/O
                         net (fo=1, routed)           0.634     0.861    clk_fpga_IBUF
    BUFGCTRL_X0Y16       BUFG (Prop_bufg_I_O)         0.026     0.887 r  clk_fpga_IBUF_BUFG_inst/O
                         net (fo=126, routed)         0.577     1.463    CG1/CG1_1/CLK
    SLICE_X60Y74         FDSE                                         r  CG1/CG1_1/shift_reg[1]/C
  -------------------------------------------------------------------    -------------------
    SLICE_X60Y74         FDSE (Prop_fdse_C_Q)         0.148     1.611 r  CG1/CG1_1/shift_reg[1]/Q
                         net (fo=14, routed)          0.120     1.732    CG1/CG1_1/lfsr_out[1]
    SLICE_X60Y74         LUT2 (Prop_lut2_I1_O)        0.098     1.830 r  CG1/CG1_1/shift[5]_i_1/O
                         net (fo=1, routed)           0.000     1.830    CG1/CG1_1/shift[5]_i_1_n_0
    SLICE_X60Y74         FDSE                                         r  CG1/CG1_1/shift_reg[5]/D
  -------------------------------------------------------------------    -------------------

                         (clock sys_clk_pin rise edge)
                                                      0.000     0.000 r  
    F14                                               0.000     0.000 r  clk_fpga (IN)
                         net (fo=0)                   0.000     0.000    clk_fpga
    F14                  IBUF (Prop_ibuf_I_O)         0.414     0.414 r  clk_fpga_IBUF_inst/O
                         net (fo=1, routed)           0.689     1.103    clk_fpga_IBUF
    BUFGCTRL_X0Y16       BUFG (Prop_bufg_I_O)         0.029     1.132 r  clk_fpga_IBUF_BUFG_inst/O
                         net (fo=126, routed)         0.844     1.975    CG1/CG1_1/CLK
    SLICE_X60Y74         FDSE                                         r  CG1/CG1_1/shift_reg[5]/C
                         clock pessimism             -0.512     1.463    
    SLICE_X60Y74         FDSE (Hold_fdse_C_D)         0.120     1.583    CG1/CG1_1/shift_reg[5]
  -------------------------------------------------------------------
                         required time                         -1.583    
                         arrival time                           1.830    
  -------------------------------------------------------------------
                         slack                                  0.246    

Slack (MET) :             0.249ns  (arrival time - required time)
  Source:                 CG1/CG1_2/team1Data_reg[0]/C
                            (rising edge-triggered cell FDCE clocked by sys_clk_pin  {rise@0.000ns fall@5.000ns period=10.000ns})
  Destination:            CG1/CG1_2/team1Data_reg[1]/D
                            (rising edge-triggered cell FDCE clocked by sys_clk_pin  {rise@0.000ns fall@5.000ns period=10.000ns})
  Path Group:             sys_clk_pin
  Path Type:              Hold (Min at Fast Process Corner)
  Requirement:            0.000ns  (sys_clk_pin rise@0.000ns - sys_clk_pin rise@0.000ns)
  Data Path Delay:        0.354ns  (logic 0.265ns (74.950%)  route 0.089ns (25.050%))
  Logic Levels:           1  (CARRY4=1)
  Clock Path Skew:        0.000ns (DCD - SCD - CPR)
    Destination Clock Delay (DCD):    1.975ns
    Source Clock Delay      (SCD):    1.463ns
    Clock Pessimism Removal (CPR):    0.512ns

    Location             Delay type                Incr(ns)  Path(ns)    Netlist Resource(s)
  -------------------------------------------------------------------    -------------------
                         (clock sys_clk_pin rise edge)
                                                      0.000     0.000 r  
    F14                                               0.000     0.000 r  clk_fpga (IN)
                         net (fo=0)                   0.000     0.000    clk_fpga
    F14                  IBUF (Prop_ibuf_I_O)         0.226     0.226 r  clk_fpga_IBUF_inst/O
                         net (fo=1, routed)           0.634     0.861    clk_fpga_IBUF
    BUFGCTRL_X0Y16       BUFG (Prop_bufg_I_O)         0.026     0.887 r  clk_fpga_IBUF_BUFG_inst/O
                         net (fo=126, routed)         0.577     1.463    CG1/CG1_2/CLK
    SLICE_X58Y74         FDCE                                         r  CG1/CG1_2/team1Data_reg[0]/C
  -------------------------------------------------------------------    -------------------
    SLICE_X58Y74         FDCE (Prop_fdce_C_Q)         0.141     1.604 r  CG1/CG1_2/team1Data_reg[0]/Q
                         net (fo=3, routed)           0.089     1.693    CG1/CG1_2/team1Data_reg[0]_0[0]
    SLICE_X58Y74         CARRY4 (Prop_carry4_DI[0]_O[1])
                                                      0.124     1.817 r  CG1/CG1_2/team1Data_reg[0]_i_2/O[1]
                         net (fo=1, routed)           0.000     1.817    CG1/CG1_2/team1Data_reg[0]_i_2_n_6
    SLICE_X58Y74         FDCE                                         r  CG1/CG1_2/team1Data_reg[1]/D
  -------------------------------------------------------------------    -------------------

                         (clock sys_clk_pin rise edge)
                                                      0.000     0.000 r  
    F14                                               0.000     0.000 r  clk_fpga (IN)
                         net (fo=0)                   0.000     0.000    clk_fpga
    F14                  IBUF (Prop_ibuf_I_O)         0.414     0.414 r  clk_fpga_IBUF_inst/O
                         net (fo=1, routed)           0.689     1.103    clk_fpga_IBUF
    BUFGCTRL_X0Y16       BUFG (Prop_bufg_I_O)         0.029     1.132 r  clk_fpga_IBUF_BUFG_inst/O
                         net (fo=126, routed)         0.844     1.975    CG1/CG1_2/CLK
    SLICE_X58Y74         FDCE                                         r  CG1/CG1_2/team1Data_reg[1]/C
                         clock pessimism             -0.512     1.463    
    SLICE_X58Y74         FDCE (Hold_fdce_C_D)         0.105     1.568    CG1/CG1_2/team1Data_reg[1]
  -------------------------------------------------------------------
                         required time                         -1.568    
                         arrival time                           1.817    
  -------------------------------------------------------------------
                         slack                                  0.249    

Slack (MET) :             0.249ns  (arrival time - required time)
  Source:                 CG1/CG1_2/team2Data_reg[6]/C
                            (rising edge-triggered cell FDCE clocked by sys_clk_pin  {rise@0.000ns fall@5.000ns period=10.000ns})
  Destination:            CG1/CG1_2/team2Data_reg[7]/D
                            (rising edge-triggered cell FDCE clocked by sys_clk_pin  {rise@0.000ns fall@5.000ns period=10.000ns})
  Path Group:             sys_clk_pin
  Path Type:              Hold (Min at Fast Process Corner)
  Requirement:            0.000ns  (sys_clk_pin rise@0.000ns - sys_clk_pin rise@0.000ns)
  Data Path Delay:        0.383ns  (logic 0.293ns (76.482%)  route 0.090ns (23.518%))
  Logic Levels:           1  (CARRY4=1)
  Clock Path Skew:        0.000ns (DCD - SCD - CPR)
    Destination Clock Delay (DCD):    1.976ns
    Source Clock Delay      (SCD):    1.464ns
    Clock Pessimism Removal (CPR):    0.512ns

    Location             Delay type                Incr(ns)  Path(ns)    Netlist Resource(s)
  -------------------------------------------------------------------    -------------------
                         (clock sys_clk_pin rise edge)
                                                      0.000     0.000 r  
    F14                                               0.000     0.000 r  clk_fpga (IN)
                         net (fo=0)                   0.000     0.000    clk_fpga
    F14                  IBUF (Prop_ibuf_I_O)         0.226     0.226 r  clk_fpga_IBUF_inst/O
                         net (fo=1, routed)           0.634     0.861    clk_fpga_IBUF
    BUFGCTRL_X0Y16       BUFG (Prop_bufg_I_O)         0.026     0.887 r  clk_fpga_IBUF_BUFG_inst/O
                         net (fo=126, routed)         0.578     1.464    CG1/CG1_2/CLK
    SLICE_X60Y76         FDCE                                         r  CG1/CG1_2/team2Data_reg[6]/C
  -------------------------------------------------------------------    -------------------
    SLICE_X60Y76         FDCE (Prop_fdce_C_Q)         0.164     1.628 r  CG1/CG1_2/team2Data_reg[6]/Q
                         net (fo=5, routed)           0.090     1.718    CG1/CG1_2/team2Data_reg[6]_0[2]
    SLICE_X60Y76         CARRY4 (Prop_carry4_DI[2]_O[3])
                                                      0.129     1.847 r  CG1/CG1_2/team2Data_reg[4]_i_1/O[3]
                         net (fo=1, routed)           0.000     1.847    CG1/CG1_2/team2Data_reg[4]_i_1_n_4
    SLICE_X60Y76         FDCE                                         r  CG1/CG1_2/team2Data_reg[7]/D
  -------------------------------------------------------------------    -------------------

                         (clock sys_clk_pin rise edge)
                                                      0.000     0.000 r  
    F14                                               0.000     0.000 r  clk_fpga (IN)
                         net (fo=0)                   0.000     0.000    clk_fpga
    F14                  IBUF (Prop_ibuf_I_O)         0.414     0.414 r  clk_fpga_IBUF_inst/O
                         net (fo=1, routed)           0.689     1.103    clk_fpga_IBUF
    BUFGCTRL_X0Y16       BUFG (Prop_bufg_I_O)         0.029     1.132 r  clk_fpga_IBUF_BUFG_inst/O
                         net (fo=126, routed)         0.845     1.976    CG1/CG1_2/CLK
    SLICE_X60Y76         FDCE                                         r  CG1/CG1_2/team2Data_reg[7]/C
                         clock pessimism             -0.512     1.464    
    SLICE_X60Y76         FDCE (Hold_fdce_C_D)         0.134     1.598    CG1/CG1_2/team2Data_reg[7]
  -------------------------------------------------------------------
                         required time                         -1.598    
                         arrival time                           1.847    
  -------------------------------------------------------------------
                         slack                                  0.249    

Slack (MET) :             0.249ns  (arrival time - required time)
  Source:                 CG1/CG1_2/team2Data_reg[4]/C
                            (rising edge-triggered cell FDCE clocked by sys_clk_pin  {rise@0.000ns fall@5.000ns period=10.000ns})
  Destination:            CG1/CG1_2/team2Data_reg[5]/D
                            (rising edge-triggered cell FDCE clocked by sys_clk_pin  {rise@0.000ns fall@5.000ns period=10.000ns})
  Path Group:             sys_clk_pin
  Path Type:              Hold (Min at Fast Process Corner)
  Requirement:            0.000ns  (sys_clk_pin rise@0.000ns - sys_clk_pin rise@0.000ns)
  Data Path Delay:        0.383ns  (logic 0.293ns (76.441%)  route 0.090ns (23.559%))
  Logic Levels:           1  (CARRY4=1)
  Clock Path Skew:        0.000ns (DCD - SCD - CPR)
    Destination Clock Delay (DCD):    1.976ns
    Source Clock Delay      (SCD):    1.464ns
    Clock Pessimism Removal (CPR):    0.512ns

    Location             Delay type                Incr(ns)  Path(ns)    Netlist Resource(s)
  -------------------------------------------------------------------    -------------------
                         (clock sys_clk_pin rise edge)
                                                      0.000     0.000 r  
    F14                                               0.000     0.000 r  clk_fpga (IN)
                         net (fo=0)                   0.000     0.000    clk_fpga
    F14                  IBUF (Prop_ibuf_I_O)         0.226     0.226 r  clk_fpga_IBUF_inst/O
                         net (fo=1, routed)           0.634     0.861    clk_fpga_IBUF
    BUFGCTRL_X0Y16       BUFG (Prop_bufg_I_O)         0.026     0.887 r  clk_fpga_IBUF_BUFG_inst/O
                         net (fo=126, routed)         0.578     1.464    CG1/CG1_2/CLK
    SLICE_X60Y76         FDCE                                         r  CG1/CG1_2/team2Data_reg[4]/C
  -------------------------------------------------------------------    -------------------
    SLICE_X60Y76         FDCE (Prop_fdce_C_Q)         0.164     1.628 r  CG1/CG1_2/team2Data_reg[4]/Q
                         net (fo=5, routed)           0.090     1.719    CG1/CG1_2/team2Data_reg[6]_0[0]
    SLICE_X60Y76         CARRY4 (Prop_carry4_DI[0]_O[1])
                                                      0.129     1.848 r  CG1/CG1_2/team2Data_reg[4]_i_1/O[1]
                         net (fo=1, routed)           0.000     1.848    CG1/CG1_2/team2Data_reg[4]_i_1_n_6
    SLICE_X60Y76         FDCE                                         r  CG1/CG1_2/team2Data_reg[5]/D
  -------------------------------------------------------------------    -------------------

                         (clock sys_clk_pin rise edge)
                                                      0.000     0.000 r  
    F14                                               0.000     0.000 r  clk_fpga (IN)
                         net (fo=0)                   0.000     0.000    clk_fpga
    F14                  IBUF (Prop_ibuf_I_O)         0.414     0.414 r  clk_fpga_IBUF_inst/O
                         net (fo=1, routed)           0.689     1.103    clk_fpga_IBUF
    BUFGCTRL_X0Y16       BUFG (Prop_bufg_I_O)         0.029     1.132 r  clk_fpga_IBUF_BUFG_inst/O
                         net (fo=126, routed)         0.845     1.976    CG1/CG1_2/CLK
    SLICE_X60Y76         FDCE                                         r  CG1/CG1_2/team2Data_reg[5]/C
                         clock pessimism             -0.512     1.464    
    SLICE_X60Y76         FDCE (Hold_fdce_C_D)         0.134     1.598    CG1/CG1_2/team2Data_reg[5]
  -------------------------------------------------------------------
                         required time                         -1.598    
                         arrival time                           1.848    
  -------------------------------------------------------------------
                         slack                                  0.249    

Slack (MET) :             0.249ns  (arrival time - required time)
  Source:                 CG0/CG0_1/Q1_reg/C
                            (rising edge-triggered cell FDRE clocked by sys_clk_pin  {rise@0.000ns fall@5.000ns period=10.000ns})
  Destination:            CG0/CG0_2/Q2_reg/D
                            (rising edge-triggered cell FDRE clocked by sys_clk_pin  {rise@0.000ns fall@5.000ns period=10.000ns})
  Path Group:             sys_clk_pin
  Path Type:              Hold (Min at Fast Process Corner)
  Requirement:            0.000ns  (sys_clk_pin rise@0.000ns - sys_clk_pin rise@0.000ns)
  Data Path Delay:        0.354ns  (logic 0.141ns (39.788%)  route 0.213ns (60.212%))
  Logic Levels:           0  
  Clock Path Skew:        0.035ns (DCD - SCD - CPR)
    Destination Clock Delay (DCD):    1.977ns
    Source Clock Delay      (SCD):    1.463ns
    Clock Pessimism Removal (CPR):    0.479ns

    Location             Delay type                Incr(ns)  Path(ns)    Netlist Resource(s)
  -------------------------------------------------------------------    -------------------
                         (clock sys_clk_pin rise edge)
                                                      0.000     0.000 r  
    F14                                               0.000     0.000 r  clk_fpga (IN)
                         net (fo=0)                   0.000     0.000    clk_fpga
    F14                  IBUF (Prop_ibuf_I_O)         0.226     0.226 r  clk_fpga_IBUF_inst/O
                         net (fo=1, routed)           0.634     0.861    clk_fpga_IBUF
    BUFGCTRL_X0Y16       BUFG (Prop_bufg_I_O)         0.026     0.887 r  clk_fpga_IBUF_BUFG_inst/O
                         net (fo=126, routed)         0.577     1.463    CG0/CG0_1/CLK
    SLICE_X61Y74         FDRE                                         r  CG0/CG0_1/Q1_reg/C
  -------------------------------------------------------------------    -------------------
    SLICE_X61Y74         FDRE (Prop_fdre_C_Q)         0.141     1.604 r  CG0/CG0_1/Q1_reg/Q
                         net (fo=9, routed)           0.213     1.818    CG0/CG0_2/Q2_reg_3
    SLICE_X62Y74         FDRE                                         r  CG0/CG0_2/Q2_reg/D
  -------------------------------------------------------------------    -------------------

                         (clock sys_clk_pin rise edge)
                                                      0.000     0.000 r  
    F14                                               0.000     0.000 r  clk_fpga (IN)
                         net (fo=0)                   0.000     0.000    clk_fpga
    F14                  IBUF (Prop_ibuf_I_O)         0.414     0.414 r  clk_fpga_IBUF_inst/O
                         net (fo=1, routed)           0.689     1.103    clk_fpga_IBUF
    BUFGCTRL_X0Y16       BUFG (Prop_bufg_I_O)         0.029     1.132 r  clk_fpga_IBUF_BUFG_inst/O
                         net (fo=126, routed)         0.845     1.977    CG0/CG0_2/CLK
    SLICE_X62Y74         FDRE                                         r  CG0/CG0_2/Q2_reg/C
                         clock pessimism             -0.479     1.498    
    SLICE_X62Y74         FDRE (Hold_fdre_C_D)         0.070     1.568    CG0/CG0_2/Q2_reg
  -------------------------------------------------------------------
                         required time                         -1.568    
                         arrival time                           1.818    
  -------------------------------------------------------------------
                         slack                                  0.249    





Pulse Width Checks
--------------------------------------------------------------------------------------
Clock Name:         sys_clk_pin
Waveform(ns):       { 0.000 5.000 }
Period(ns):         10.000
Sources:            { clk_fpga }

Check Type        Corner  Lib Pin  Reference Pin  Required(ns)  Actual(ns)  Slack(ns)  Location        Pin
Min Period        n/a     BUFG/I   n/a            2.155         10.000      7.845      BUFGCTRL_X0Y16  clk_fpga_IBUF_BUFG_inst/I
Min Period        n/a     FDRE/C   n/a            1.000         10.000      9.000      SLICE_X61Y74    CG0/CG0_1/Q1_reg/C
Min Period        n/a     FDRE/C   n/a            1.000         10.000      9.000      SLICE_X62Y74    CG0/CG0_2/Q2_reg/C
Min Period        n/a     FDSE/C   n/a            1.000         10.000      9.000      SLICE_X59Y76    CG1/CG1_1/shift_reg[0]/C
Min Period        n/a     FDSE/C   n/a            1.000         10.000      9.000      SLICE_X60Y74    CG1/CG1_1/shift_reg[1]/C
Min Period        n/a     FDSE/C   n/a            1.000         10.000      9.000      SLICE_X60Y74    CG1/CG1_1/shift_reg[2]/C
Min Period        n/a     FDSE/C   n/a            1.000         10.000      9.000      SLICE_X60Y74    CG1/CG1_1/shift_reg[3]/C
Min Period        n/a     FDSE/C   n/a            1.000         10.000      9.000      SLICE_X60Y74    CG1/CG1_1/shift_reg[4]/C
Min Period        n/a     FDSE/C   n/a            1.000         10.000      9.000      SLICE_X60Y74    CG1/CG1_1/shift_reg[5]/C
Min Period        n/a     FDCE/C   n/a            1.000         10.000      9.000      SLICE_X59Y75    CG1/CG1_2/binaryRuns_reg[0]/C
Low Pulse Width   Slow    FDRE/C   n/a            0.500         5.000       4.500      SLICE_X61Y74    CG0/CG0_1/Q1_reg/C
Low Pulse Width   Fast    FDRE/C   n/a            0.500         5.000       4.500      SLICE_X61Y74    CG0/CG0_1/Q1_reg/C
Low Pulse Width   Slow    FDRE/C   n/a            0.500         5.000       4.500      SLICE_X62Y74    CG0/CG0_2/Q2_reg/C
Low Pulse Width   Fast    FDRE/C   n/a            0.500         5.000       4.500      SLICE_X62Y74    CG0/CG0_2/Q2_reg/C
Low Pulse Width   Slow    FDSE/C   n/a            0.500         5.000       4.500      SLICE_X59Y76    CG1/CG1_1/shift_reg[0]/C
Low Pulse Width   Fast    FDSE/C   n/a            0.500         5.000       4.500      SLICE_X59Y76    CG1/CG1_1/shift_reg[0]/C
Low Pulse Width   Slow    FDSE/C   n/a            0.500         5.000       4.500      SLICE_X60Y74    CG1/CG1_1/shift_reg[1]/C
Low Pulse Width   Fast    FDSE/C   n/a            0.500         5.000       4.500      SLICE_X60Y74    CG1/CG1_1/shift_reg[1]/C
Low Pulse Width   Slow    FDSE/C   n/a            0.500         5.000       4.500      SLICE_X60Y74    CG1/CG1_1/shift_reg[2]/C
Low Pulse Width   Fast    FDSE/C   n/a            0.500         5.000       4.500      SLICE_X60Y74    CG1/CG1_1/shift_reg[2]/C
High Pulse Width  Slow    FDRE/C   n/a            0.500         5.000       4.500      SLICE_X61Y74    CG0/CG0_1/Q1_reg/C
High Pulse Width  Fast    FDRE/C   n/a            0.500         5.000       4.500      SLICE_X61Y74    CG0/CG0_1/Q1_reg/C
High Pulse Width  Slow    FDRE/C   n/a            0.500         5.000       4.500      SLICE_X62Y74    CG0/CG0_2/Q2_reg/C
High Pulse Width  Fast    FDRE/C   n/a            0.500         5.000       4.500      SLICE_X62Y74    CG0/CG0_2/Q2_reg/C
High Pulse Width  Slow    FDSE/C   n/a            0.500         5.000       4.500      SLICE_X59Y76    CG1/CG1_1/shift_reg[0]/C
High Pulse Width  Fast    FDSE/C   n/a            0.500         5.000       4.500      SLICE_X59Y76    CG1/CG1_1/shift_reg[0]/C
High Pulse Width  Slow    FDSE/C   n/a            0.500         5.000       4.500      SLICE_X60Y74    CG1/CG1_1/shift_reg[1]/C
High Pulse Width  Fast    FDSE/C   n/a            0.500         5.000       4.500      SLICE_X60Y74    CG1/CG1_1/shift_reg[1]/C
High Pulse Width  Slow    FDSE/C   n/a            0.500         5.000       4.500      SLICE_X60Y74    CG1/CG1_1/shift_reg[2]/C
High Pulse Width  Fast    FDSE/C   n/a            0.500         5.000       4.500      SLICE_X60Y74    CG1/CG1_1/shift_reg[2]/C



--------------------------------------------------------------------------------------
Path Group:  (none)
From Clock:  
  To Clock:  

Max Delay            45 Endpoints
Min Delay            45 Endpoints
--------------------------------------------------------------------------------------


Max Delay Paths
--------------------------------------------------------------------------------------
Slack:                    inf
  Source:                 CG2/CG2_3/counter_out_reg[1]/C
                            (rising edge-triggered cell FDRE)
  Destination:            seg[5]
                            (output port)
  Path Group:             (none)
  Path Type:              Max at Slow Process Corner
  Data Path Delay:        11.216ns  (logic 5.064ns (45.144%)  route 6.153ns (54.856%))
  Logic Levels:           6  (FDRE=1 LUT3=1 LUT4=1 LUT6=2 OBUF=1)

    Location             Delay type                Incr(ns)  Path(ns)    Netlist Resource(s)
  -------------------------------------------------------------------    -------------------
    SLICE_X61Y73         FDRE                         0.000     0.000 r  CG2/CG2_3/counter_out_reg[1]/C
    SLICE_X61Y73         FDRE (Prop_fdre_C_Q)         0.419     0.419 r  CG2/CG2_3/counter_out_reg[1]/Q
                         net (fo=15, routed)          1.393     1.812    CG2/CG2_3/Q[1]
    SLICE_X62Y77         LUT3 (Prop_lut3_I1_O)        0.327     2.139 f  CG2/CG2_3/seg_OBUF[6]_inst_i_10/O
                         net (fo=3, routed)           0.833     2.973    CG1/CG1_2/seg_OBUF[1]_inst_i_1_1
    SLICE_X58Y78         LUT6 (Prop_lut6_I5_O)        0.326     3.299 f  CG1/CG1_2/seg_OBUF[6]_inst_i_15/O
                         net (fo=1, routed)           0.574     3.873    CG1/CG1_2/seg_OBUF[6]_inst_i_15_n_0
    SLICE_X58Y77         LUT6 (Prop_lut6_I0_O)        0.124     3.997 f  CG1/CG1_2/seg_OBUF[6]_inst_i_4/O
                         net (fo=7, routed)           0.832     4.828    CG1/CG1_2/sel0[3]
    SLICE_X63Y77         LUT4 (Prop_lut4_I2_O)        0.152     4.980 r  CG1/CG1_2/seg_OBUF[5]_inst_i_1/O
                         net (fo=1, routed)           2.520     7.501    seg_OBUF[5]
    H4                   OBUF (Prop_obuf_I_O)         3.716    11.216 r  seg_OBUF[5]_inst/O
                         net (fo=0)                   0.000    11.216    seg[5]
    H4                                                                r  seg[5] (OUT)
  -------------------------------------------------------------------    -------------------

Slack:                    inf
  Source:                 CG2/CG2_3/counter_out_reg[1]/C
                            (rising edge-triggered cell FDRE)
  Destination:            seg[1]
                            (output port)
  Path Group:             (none)
  Path Type:              Max at Slow Process Corner
  Data Path Delay:        10.598ns  (logic 5.036ns (47.521%)  route 5.562ns (52.479%))
  Logic Levels:           6  (FDRE=1 LUT3=1 LUT4=1 LUT6=2 OBUF=1)

    Location             Delay type                Incr(ns)  Path(ns)    Netlist Resource(s)
  -------------------------------------------------------------------    -------------------
    SLICE_X61Y73         FDRE                         0.000     0.000 r  CG2/CG2_3/counter_out_reg[1]/C
    SLICE_X61Y73         FDRE (Prop_fdre_C_Q)         0.419     0.419 f  CG2/CG2_3/counter_out_reg[1]/Q
                         net (fo=15, routed)          1.393     1.812    CG2/CG2_3/Q[1]
    SLICE_X62Y77         LUT3 (Prop_lut3_I1_O)        0.327     2.139 r  CG2/CG2_3/seg_OBUF[6]_inst_i_10/O
                         net (fo=3, routed)           0.833     2.973    CG1/CG1_2/seg_OBUF[1]_inst_i_1_1
    SLICE_X58Y78         LUT6 (Prop_lut6_I5_O)        0.326     3.299 r  CG1/CG1_2/seg_OBUF[6]_inst_i_15/O
                         net (fo=1, routed)           0.574     3.873    CG1/CG1_2/seg_OBUF[6]_inst_i_15_n_0
    SLICE_X58Y77         LUT6 (Prop_lut6_I0_O)        0.124     3.997 r  CG1/CG1_2/seg_OBUF[6]_inst_i_4/O
                         net (fo=7, routed)           0.610     4.606    CG1/CG1_2/sel0[3]
    SLICE_X63Y77         LUT4 (Prop_lut4_I3_O)        0.150     4.756 r  CG1/CG1_2/seg_OBUF[1]_inst_i_1/O
                         net (fo=1, routed)           2.152     6.908    seg_OBUF[1]
    J3                   OBUF (Prop_obuf_I_O)         3.690    10.598 r  seg_OBUF[1]_inst/O
                         net (fo=0)                   0.000    10.598    seg[1]
    J3                                                                r  seg[1] (OUT)
  -------------------------------------------------------------------    -------------------

Slack:                    inf
  Source:                 CG2/CG2_3/counter_out_reg[1]/C
                            (rising edge-triggered cell FDRE)
  Destination:            seg[2]
                            (output port)
  Path Group:             (none)
  Path Type:              Max at Slow Process Corner
  Data Path Delay:        10.448ns  (logic 4.864ns (46.555%)  route 5.584ns (53.445%))
  Logic Levels:           6  (FDRE=1 LUT3=1 LUT4=1 LUT6=2 OBUF=1)

    Location             Delay type                Incr(ns)  Path(ns)    Netlist Resource(s)
  -------------------------------------------------------------------    -------------------
    SLICE_X61Y73         FDRE                         0.000     0.000 r  CG2/CG2_3/counter_out_reg[1]/C
    SLICE_X61Y73         FDRE (Prop_fdre_C_Q)         0.419     0.419 f  CG2/CG2_3/counter_out_reg[1]/Q
                         net (fo=15, routed)          1.393     1.812    CG2/CG2_3/Q[1]
    SLICE_X62Y77         LUT3 (Prop_lut3_I1_O)        0.327     2.139 r  CG2/CG2_3/seg_OBUF[6]_inst_i_10/O
                         net (fo=3, routed)           0.833     2.973    CG1/CG1_2/seg_OBUF[1]_inst_i_1_1
    SLICE_X58Y78         LUT6 (Prop_lut6_I5_O)        0.326     3.299 r  CG1/CG1_2/seg_OBUF[6]_inst_i_15/O
                         net (fo=1, routed)           0.574     3.873    CG1/CG1_2/seg_OBUF[6]_inst_i_15_n_0
    SLICE_X58Y77         LUT6 (Prop_lut6_I0_O)        0.124     3.997 r  CG1/CG1_2/seg_OBUF[6]_inst_i_4/O
                         net (fo=7, routed)           0.832     4.828    CG1/CG1_2/sel0[3]
    SLICE_X63Y77         LUT4 (Prop_lut4_I3_O)        0.124     4.952 r  CG1/CG1_2/seg_OBUF[2]_inst_i_1/O
                         net (fo=1, routed)           1.952     6.904    seg_OBUF[2]
    D2                   OBUF (Prop_obuf_I_O)         3.544    10.448 r  seg_OBUF[2]_inst/O
                         net (fo=0)                   0.000    10.448    seg[2]
    D2                                                                r  seg[2] (OUT)
  -------------------------------------------------------------------    -------------------

Slack:                    inf
  Source:                 CG2/CG2_3/counter_out_reg[1]/C
                            (rising edge-triggered cell FDRE)
  Destination:            seg[4]
                            (output port)
  Path Group:             (none)
  Path Type:              Max at Slow Process Corner
  Data Path Delay:        10.287ns  (logic 5.050ns (49.088%)  route 5.237ns (50.912%))
  Logic Levels:           6  (FDRE=1 LUT3=1 LUT4=1 LUT6=2 OBUF=1)

    Location             Delay type                Incr(ns)  Path(ns)    Netlist Resource(s)
  -------------------------------------------------------------------    -------------------
    SLICE_X61Y73         FDRE                         0.000     0.000 r  CG2/CG2_3/counter_out_reg[1]/C
    SLICE_X61Y73         FDRE (Prop_fdre_C_Q)         0.419     0.419 f  CG2/CG2_3/counter_out_reg[1]/Q
                         net (fo=15, routed)          1.393     1.812    CG2/CG2_3/Q[1]
    SLICE_X62Y77         LUT3 (Prop_lut3_I1_O)        0.327     2.139 r  CG2/CG2_3/seg_OBUF[6]_inst_i_10/O
                         net (fo=3, routed)           0.833     2.973    CG1/CG1_2/seg_OBUF[1]_inst_i_1_1
    SLICE_X58Y78         LUT6 (Prop_lut6_I5_O)        0.326     3.299 r  CG1/CG1_2/seg_OBUF[6]_inst_i_15/O
                         net (fo=1, routed)           0.574     3.873    CG1/CG1_2/seg_OBUF[6]_inst_i_15_n_0
    SLICE_X58Y77         LUT6 (Prop_lut6_I0_O)        0.124     3.997 r  CG1/CG1_2/seg_OBUF[6]_inst_i_4/O
                         net (fo=7, routed)           0.629     4.626    CG1/CG1_2/sel0[3]
    SLICE_X63Y77         LUT4 (Prop_lut4_I3_O)        0.120     4.746 r  CG1/CG1_2/seg_OBUF[4]_inst_i_1/O
                         net (fo=1, routed)           1.807     6.553    seg_OBUF[4]
    B1                   OBUF (Prop_obuf_I_O)         3.734    10.287 r  seg_OBUF[4]_inst/O
                         net (fo=0)                   0.000    10.287    seg[4]
    B1                                                                r  seg[4] (OUT)
  -------------------------------------------------------------------    -------------------

Slack:                    inf
  Source:                 CG2/CG2_3/counter_out_reg[1]/C
                            (rising edge-triggered cell FDRE)
  Destination:            seg[0]
                            (output port)
  Path Group:             (none)
  Path Type:              Max at Slow Process Corner
  Data Path Delay:        10.136ns  (logic 4.845ns (47.794%)  route 5.292ns (52.206%))
  Logic Levels:           6  (FDRE=1 LUT3=1 LUT4=1 LUT6=2 OBUF=1)

    Location             Delay type                Incr(ns)  Path(ns)    Netlist Resource(s)
  -------------------------------------------------------------------    -------------------
    SLICE_X61Y73         FDRE                         0.000     0.000 r  CG2/CG2_3/counter_out_reg[1]/C
    SLICE_X61Y73         FDRE (Prop_fdre_C_Q)         0.419     0.419 f  CG2/CG2_3/counter_out_reg[1]/Q
                         net (fo=15, routed)          1.393     1.812    CG2/CG2_3/Q[1]
    SLICE_X62Y77         LUT3 (Prop_lut3_I1_O)        0.327     2.139 r  CG2/CG2_3/seg_OBUF[6]_inst_i_10/O
                         net (fo=3, routed)           0.833     2.973    CG1/CG1_2/seg_OBUF[1]_inst_i_1_1
    SLICE_X58Y78         LUT6 (Prop_lut6_I5_O)        0.326     3.299 r  CG1/CG1_2/seg_OBUF[6]_inst_i_15/O
                         net (fo=1, routed)           0.574     3.873    CG1/CG1_2/seg_OBUF[6]_inst_i_15_n_0
    SLICE_X58Y77         LUT6 (Prop_lut6_I0_O)        0.124     3.997 r  CG1/CG1_2/seg_OBUF[6]_inst_i_4/O
                         net (fo=7, routed)           0.610     4.606    CG1/CG1_2/sel0[3]
    SLICE_X63Y77         LUT4 (Prop_lut4_I2_O)        0.124     4.730 r  CG1/CG1_2/seg_OBUF[0]_inst_i_1/O
                         net (fo=1, routed)           1.881     6.612    seg_OBUF[0]
    F4                   OBUF (Prop_obuf_I_O)         3.525    10.136 r  seg_OBUF[0]_inst/O
                         net (fo=0)                   0.000    10.136    seg[0]
    F4                                                                r  seg[0] (OUT)
  -------------------------------------------------------------------    -------------------

Slack:                    inf
  Source:                 CG2/CG2_3/counter_out_reg[1]/C
                            (rising edge-triggered cell FDRE)
  Destination:            seg[6]
                            (output port)
  Path Group:             (none)
  Path Type:              Max at Slow Process Corner
  Data Path Delay:        10.022ns  (logic 4.860ns (48.498%)  route 5.161ns (51.502%))
  Logic Levels:           6  (FDRE=1 LUT3=1 LUT4=1 LUT6=2 OBUF=1)

    Location             Delay type                Incr(ns)  Path(ns)    Netlist Resource(s)
  -------------------------------------------------------------------    -------------------
    SLICE_X61Y73         FDRE                         0.000     0.000 r  CG2/CG2_3/counter_out_reg[1]/C
    SLICE_X61Y73         FDRE (Prop_fdre_C_Q)         0.419     0.419 f  CG2/CG2_3/counter_out_reg[1]/Q
                         net (fo=15, routed)          0.755     1.174    CG2/CG2_3/Q[1]
    SLICE_X60Y74         LUT3 (Prop_lut3_I1_O)        0.325     1.499 r  CG2/CG2_3/seg_OBUF[6]_inst_i_25/O
                         net (fo=2, routed)           0.849     2.348    CG1/CG1_2/seg_OBUF[6]_inst_i_4_1
    SLICE_X61Y75         LUT6 (Prop_lut6_I5_O)        0.348     2.696 r  CG1/CG1_2/seg_OBUF[6]_inst_i_14/O
                         net (fo=1, routed)           0.715     3.411    CG1/CG1_2/seg_OBUF[6]_inst_i_14_n_0
    SLICE_X61Y78         LUT6 (Prop_lut6_I5_O)        0.124     3.535 r  CG1/CG1_2/seg_OBUF[6]_inst_i_3/O
                         net (fo=7, routed)           0.816     4.351    CG1/CG1_2/sel0[2]
    SLICE_X63Y77         LUT4 (Prop_lut4_I1_O)        0.124     4.475 r  CG1/CG1_2/seg_OBUF[6]_inst_i_1/O
                         net (fo=1, routed)           2.026     6.501    seg_OBUF[6]
    D1                   OBUF (Prop_obuf_I_O)         3.520    10.022 r  seg_OBUF[6]_inst/O
                         net (fo=0)                   0.000    10.022    seg[6]
    D1                                                                r  seg[6] (OUT)
  -------------------------------------------------------------------    -------------------

Slack:                    inf
  Source:                 CG2/CG2_3/counter_out_reg[1]/C
                            (rising edge-triggered cell FDRE)
  Destination:            seg[3]
                            (output port)
  Path Group:             (none)
  Path Type:              Max at Slow Process Corner
  Data Path Delay:        9.975ns  (logic 4.851ns (48.632%)  route 5.124ns (51.368%))
  Logic Levels:           6  (FDRE=1 LUT3=1 LUT4=1 LUT6=2 OBUF=1)

    Location             Delay type                Incr(ns)  Path(ns)    Netlist Resource(s)
  -------------------------------------------------------------------    -------------------
    SLICE_X61Y73         FDRE                         0.000     0.000 r  CG2/CG2_3/counter_out_reg[1]/C
    SLICE_X61Y73         FDRE (Prop_fdre_C_Q)         0.419     0.419 f  CG2/CG2_3/counter_out_reg[1]/Q
                         net (fo=15, routed)          1.393     1.812    CG2/CG2_3/Q[1]
    SLICE_X62Y77         LUT3 (Prop_lut3_I1_O)        0.327     2.139 r  CG2/CG2_3/seg_OBUF[6]_inst_i_10/O
                         net (fo=3, routed)           0.833     2.973    CG1/CG1_2/seg_OBUF[1]_inst_i_1_1
    SLICE_X58Y78         LUT6 (Prop_lut6_I5_O)        0.326     3.299 r  CG1/CG1_2/seg_OBUF[6]_inst_i_15/O
                         net (fo=1, routed)           0.574     3.873    CG1/CG1_2/seg_OBUF[6]_inst_i_15_n_0
    SLICE_X58Y77         LUT6 (Prop_lut6_I0_O)        0.124     3.997 r  CG1/CG1_2/seg_OBUF[6]_inst_i_4/O
                         net (fo=7, routed)           0.629     4.626    CG1/CG1_2/sel0[3]
    SLICE_X63Y77         LUT4 (Prop_lut4_I0_O)        0.124     4.750 r  CG1/CG1_2/seg_OBUF[3]_inst_i_1/O
                         net (fo=1, routed)           1.694     6.444    seg_OBUF[3]
    C2                   OBUF (Prop_obuf_I_O)         3.531     9.975 r  seg_OBUF[3]_inst/O
                         net (fo=0)                   0.000     9.975    seg[3]
    C2                                                                r  seg[3] (OUT)
  -------------------------------------------------------------------    -------------------

Slack:                    inf
  Source:                 CG2/CG2_3/counter_out_reg[1]/C
                            (rising edge-triggered cell FDRE)
  Destination:            an[2]
                            (output port)
  Path Group:             (none)
  Path Type:              Max at Slow Process Corner
  Data Path Delay:        7.434ns  (logic 4.482ns (60.297%)  route 2.951ns (39.703%))
  Logic Levels:           3  (FDRE=1 LUT2=1 OBUF=1)

    Location             Delay type                Incr(ns)  Path(ns)    Netlist Resource(s)
  -------------------------------------------------------------------    -------------------
    SLICE_X61Y73         FDRE                         0.000     0.000 r  CG2/CG2_3/counter_out_reg[1]/C
    SLICE_X61Y73         FDRE (Prop_fdre_C_Q)         0.419     0.419 f  CG2/CG2_3/counter_out_reg[1]/Q
                         net (fo=15, routed)          1.044     1.463    CG2/CG2_3/Q[1]
    SLICE_X65Y73         LUT2 (Prop_lut2_I1_O)        0.327     1.790 r  CG2/CG2_3/an_OBUF[2]_inst_i_1/O
                         net (fo=1, routed)           1.908     3.697    an_OBUF[2]
    F3                   OBUF (Prop_obuf_I_O)         3.736     7.434 r  an_OBUF[2]_inst/O
                         net (fo=0)                   0.000     7.434    an[2]
    F3                                                                r  an[2] (OUT)
  -------------------------------------------------------------------    -------------------

Slack:                    inf
  Source:                 CG2/CG2_3/counter_out_reg[1]/C
                            (rising edge-triggered cell FDRE)
  Destination:            an[1]
                            (output port)
  Path Group:             (none)
  Path Type:              Max at Slow Process Corner
  Data Path Delay:        7.366ns  (logic 4.442ns (60.311%)  route 2.923ns (39.689%))
  Logic Levels:           3  (FDRE=1 LUT2=1 OBUF=1)

    Location             Delay type                Incr(ns)  Path(ns)    Netlist Resource(s)
  -------------------------------------------------------------------    -------------------
    SLICE_X61Y73         FDRE                         0.000     0.000 r  CG2/CG2_3/counter_out_reg[1]/C
    SLICE_X61Y73         FDRE (Prop_fdre_C_Q)         0.419     0.419 r  CG2/CG2_3/counter_out_reg[1]/Q
                         net (fo=15, routed)          0.843     1.262    CG2/CG2_3/Q[1]
    SLICE_X65Y73         LUT2 (Prop_lut2_I0_O)        0.329     1.591 r  CG2/CG2_3/dp_OBUF_inst_i_1/O
                         net (fo=2, routed)           2.080     3.671    an_OBUF[1]
    J4                   OBUF (Prop_obuf_I_O)         3.694     7.366 r  an_OBUF[1]_inst/O
                         net (fo=0)                   0.000     7.366    an[1]
    J4                                                                r  an[1] (OUT)
  -------------------------------------------------------------------    -------------------

Slack:                    inf
  Source:                 CG2/CG2_3/counter_out_reg[1]/C
                            (rising edge-triggered cell FDRE)
  Destination:            an[0]
                            (output port)
  Path Group:             (none)
  Path Type:              Max at Slow Process Corner
  Data Path Delay:        7.349ns  (logic 4.229ns (57.546%)  route 3.120ns (42.454%))
  Logic Levels:           3  (FDRE=1 LUT2=1 OBUF=1)

    Location             Delay type                Incr(ns)  Path(ns)    Netlist Resource(s)
  -------------------------------------------------------------------    -------------------
    SLICE_X61Y73         FDRE                         0.000     0.000 r  CG2/CG2_3/counter_out_reg[1]/C
    SLICE_X61Y73         FDRE (Prop_fdre_C_Q)         0.419     0.419 r  CG2/CG2_3/counter_out_reg[1]/Q
                         net (fo=15, routed)          1.044     1.463    CG2/CG2_3/Q[1]
    SLICE_X65Y73         LUT2 (Prop_lut2_I1_O)        0.299     1.762 r  CG2/CG2_3/an_OBUF[0]_inst_i_1/O
                         net (fo=1, routed)           2.077     3.838    an_OBUF[0]
    H3                   OBUF (Prop_obuf_I_O)         3.511     7.349 r  an_OBUF[0]_inst/O
                         net (fo=0)                   0.000     7.349    an[0]
    H3                                                                r  an[0] (OUT)
  -------------------------------------------------------------------    -------------------





Min Delay Paths
--------------------------------------------------------------------------------------
Slack:                    inf
  Source:                 CG1/CG1_4/CG1_4_1/leds_reg[8]/C
                            (rising edge-triggered cell FDSE)
  Destination:            CG1/CG1_4/CG1_4_1/leds_reg[9]/D
  Path Group:             (none)
  Path Type:              Min at Fast Process Corner
  Data Path Delay:        0.262ns  (logic 0.128ns (48.887%)  route 0.134ns (51.113%))
  Logic Levels:           1  (FDSE=1)

    Location             Delay type                Incr(ns)  Path(ns)    Netlist Resource(s)
  -------------------------------------------------------------------    -------------------
    SLICE_X65Y76         FDSE                         0.000     0.000 r  CG1/CG1_4/CG1_4_1/leds_reg[8]/C
    SLICE_X65Y76         FDSE (Prop_fdse_C_Q)         0.128     0.128 r  CG1/CG1_4/CG1_4_1/leds_reg[8]/Q
                         net (fo=3, routed)           0.134     0.262    CG1/CG1_4/CG1_4_1/leds_reg[15]_0[1]
    SLICE_X64Y77         FDSE                                         r  CG1/CG1_4/CG1_4_1/leds_reg[9]/D
  -------------------------------------------------------------------    -------------------

Slack:                    inf
  Source:                 CG1/CG1_4/CG1_4_1/leds_reg[14]/C
                            (rising edge-triggered cell FDSE)
  Destination:            CG1/CG1_4/CG1_4_1/leds_reg[15]/D
  Path Group:             (none)
  Path Type:              Min at Fast Process Corner
  Data Path Delay:        0.275ns  (logic 0.141ns (51.270%)  route 0.134ns (48.730%))
  Logic Levels:           1  (FDSE=1)

    Location             Delay type                Incr(ns)  Path(ns)    Netlist Resource(s)
  -------------------------------------------------------------------    -------------------
    SLICE_X63Y77         FDSE                         0.000     0.000 r  CG1/CG1_4/CG1_4_1/leds_reg[14]/C
    SLICE_X63Y77         FDSE (Prop_fdse_C_Q)         0.141     0.141 r  CG1/CG1_4/CG1_4_1/leds_reg[14]/Q
                         net (fo=3, routed)           0.134     0.275    CG1/CG1_4/CG1_4_1/leds_reg[15]_0[7]
    SLICE_X63Y76         FDSE                                         r  CG1/CG1_4/CG1_4_1/leds_reg[15]/D
  -------------------------------------------------------------------    -------------------

Slack:                    inf
  Source:                 CG1/CG1_4/CG1_4_1/leds_reg[4]/C
                            (rising edge-triggered cell FDSE)
  Destination:            CG1/CG1_4/CG1_4_1/leds_reg[5]/D
  Path Group:             (none)
  Path Type:              Min at Fast Process Corner
  Data Path Delay:        0.278ns  (logic 0.164ns (58.982%)  route 0.114ns (41.018%))
  Logic Levels:           1  (FDSE=1)

    Location             Delay type                Incr(ns)  Path(ns)    Netlist Resource(s)
  -------------------------------------------------------------------    -------------------
    SLICE_X64Y77         FDSE                         0.000     0.000 r  CG1/CG1_4/CG1_4_1/leds_reg[4]/C
    SLICE_X64Y77         FDSE (Prop_fdse_C_Q)         0.164     0.164 r  CG1/CG1_4/CG1_4_1/leds_reg[4]/Q
                         net (fo=3, routed)           0.114     0.278    CG1/CG1_4/CG1_4_1/leds[4]
    SLICE_X65Y76         FDSE                                         r  CG1/CG1_4/CG1_4_1/leds_reg[5]/D
  -------------------------------------------------------------------    -------------------

Slack:                    inf
  Source:                 CG1/CG1_4/CG1_4_1/leds_reg[11]/C
                            (rising edge-triggered cell FDSE)
  Destination:            CG1/CG1_4/CG1_4_1/leds_reg[12]/D
  Path Group:             (none)
  Path Type:              Min at Fast Process Corner
  Data Path Delay:        0.280ns  (logic 0.141ns (50.284%)  route 0.139ns (49.716%))
  Logic Levels:           1  (FDSE=1)

    Location             Delay type                Incr(ns)  Path(ns)    Netlist Resource(s)
  -------------------------------------------------------------------    -------------------
    SLICE_X65Y77         FDSE                         0.000     0.000 r  CG1/CG1_4/CG1_4_1/leds_reg[11]/C
    SLICE_X65Y77         FDSE (Prop_fdse_C_Q)         0.141     0.141 r  CG1/CG1_4/CG1_4_1/leds_reg[11]/Q
                         net (fo=3, routed)           0.139     0.280    CG1/CG1_4/CG1_4_1/leds_reg[15]_0[4]
    SLICE_X64Y77         FDSE                                         r  CG1/CG1_4/CG1_4_1/leds_reg[12]/D
  -------------------------------------------------------------------    -------------------

Slack:                    inf
  Source:                 CG1/CG1_4/CG1_4_1/leds_reg[13]/C
                            (rising edge-triggered cell FDSE)
  Destination:            CG1/CG1_4/CG1_4_1/leds_reg[14]/D
  Path Group:             (none)
  Path Type:              Min at Fast Process Corner
  Data Path Delay:        0.288ns  (logic 0.164ns (56.878%)  route 0.124ns (43.122%))
  Logic Levels:           1  (FDSE=1)

    Location             Delay type                Incr(ns)  Path(ns)    Netlist Resource(s)
  -------------------------------------------------------------------    -------------------
    SLICE_X64Y77         FDSE                         0.000     0.000 r  CG1/CG1_4/CG1_4_1/leds_reg[13]/C
    SLICE_X64Y77         FDSE (Prop_fdse_C_Q)         0.164     0.164 r  CG1/CG1_4/CG1_4_1/leds_reg[13]/Q
                         net (fo=3, routed)           0.124     0.288    CG1/CG1_4/CG1_4_1/leds_reg[15]_0[6]
    SLICE_X63Y77         FDSE                                         r  CG1/CG1_4/CG1_4_1/leds_reg[14]/D
  -------------------------------------------------------------------    -------------------

Slack:                    inf
  Source:                 CG1/CG1_4/CG1_4_1/leds_reg[2]/C
                            (rising edge-triggered cell FDSE)
  Destination:            CG1/CG1_4/CG1_4_1/leds_reg[3]/D
  Path Group:             (none)
  Path Type:              Min at Fast Process Corner
  Data Path Delay:        0.309ns  (logic 0.141ns (45.629%)  route 0.168ns (54.371%))
  Logic Levels:           1  (FDSE=1)

    Location             Delay type                Incr(ns)  Path(ns)    Netlist Resource(s)
  -------------------------------------------------------------------    -------------------
    SLICE_X63Y76         FDSE                         0.000     0.000 r  CG1/CG1_4/CG1_4_1/leds_reg[2]/C
    SLICE_X63Y76         FDSE (Prop_fdse_C_Q)         0.141     0.141 r  CG1/CG1_4/CG1_4_1/leds_reg[2]/Q
                         net (fo=3, routed)           0.168     0.309    CG1/CG1_4/CG1_4_1/leds[2]
    SLICE_X65Y76         FDSE                                         r  CG1/CG1_4/CG1_4_1/leds_reg[3]/D
  -------------------------------------------------------------------    -------------------

Slack:                    inf
  Source:                 CG1/CG1_4/CG1_4_1/leds_reg[0]/C
                            (rising edge-triggered cell FDRE)
  Destination:            CG1/CG1_4/CG1_4_1/leds_reg[1]/D
  Path Group:             (none)
  Path Type:              Min at Fast Process Corner
  Data Path Delay:        0.323ns  (logic 0.141ns (43.598%)  route 0.182ns (56.402%))
  Logic Levels:           1  (FDRE=1)

    Location             Delay type                Incr(ns)  Path(ns)    Netlist Resource(s)
  -------------------------------------------------------------------    -------------------
    SLICE_X63Y76         FDRE                         0.000     0.000 r  CG1/CG1_4/CG1_4_1/leds_reg[0]/C
    SLICE_X63Y76         FDRE (Prop_fdre_C_Q)         0.141     0.141 r  CG1/CG1_4/CG1_4_1/leds_reg[0]/Q
                         net (fo=3, routed)           0.182     0.323    CG1/CG1_4/CG1_4_1/leds[0]
    SLICE_X63Y76         FDSE                                         r  CG1/CG1_4/CG1_4_1/leds_reg[1]/D
  -------------------------------------------------------------------    -------------------

Slack:                    inf
  Source:                 CG1/CG1_4/CG1_4_1/leds_reg[12]/C
                            (rising edge-triggered cell FDSE)
  Destination:            CG1/CG1_4/CG1_4_1/leds_reg[13]/D
  Path Group:             (none)
  Path Type:              Min at Fast Process Corner
  Data Path Delay:        0.355ns  (logic 0.164ns (46.191%)  route 0.191ns (53.809%))
  Logic Levels:           1  (FDSE=1)

    Location             Delay type                Incr(ns)  Path(ns)    Netlist Resource(s)
  -------------------------------------------------------------------    -------------------
    SLICE_X64Y77         FDSE                         0.000     0.000 r  CG1/CG1_4/CG1_4_1/leds_reg[12]/C
    SLICE_X64Y77         FDSE (Prop_fdse_C_Q)         0.164     0.164 r  CG1/CG1_4/CG1_4_1/leds_reg[12]/Q
                         net (fo=3, routed)           0.191     0.355    CG1/CG1_4/CG1_4_1/leds_reg[15]_0[5]
    SLICE_X64Y77         FDSE                                         r  CG1/CG1_4/CG1_4_1/leds_reg[13]/D
  -------------------------------------------------------------------    -------------------

Slack:                    inf
  Source:                 CG1/CG1_4/CG1_4_1/leds_reg[9]/C
                            (rising edge-triggered cell FDSE)
  Destination:            CG1/CG1_4/CG1_4_1/leds_reg[10]/D
  Path Group:             (none)
  Path Type:              Min at Fast Process Corner
  Data Path Delay:        0.356ns  (logic 0.164ns (46.014%)  route 0.192ns (53.986%))
  Logic Levels:           1  (FDSE=1)

    Location             Delay type                Incr(ns)  Path(ns)    Netlist Resource(s)
  -------------------------------------------------------------------    -------------------
    SLICE_X64Y77         FDSE                         0.000     0.000 r  CG1/CG1_4/CG1_4_1/leds_reg[9]/C
    SLICE_X64Y77         FDSE (Prop_fdse_C_Q)         0.164     0.164 r  CG1/CG1_4/CG1_4_1/leds_reg[9]/Q
                         net (fo=3, routed)           0.192     0.356    CG1/CG1_4/CG1_4_1/leds_reg[15]_0[2]
    SLICE_X65Y77         FDSE                                         r  CG1/CG1_4/CG1_4_1/leds_reg[10]/D
  -------------------------------------------------------------------    -------------------

Slack:                    inf
  Source:                 CG1/CG1_4/CG1_4_1/leds_reg[10]/C
                            (rising edge-triggered cell FDSE)
  Destination:            CG1/CG1_4/CG1_4_1/leds_reg[11]/D
  Path Group:             (none)
  Path Type:              Min at Fast Process Corner
  Data Path Delay:        0.361ns  (logic 0.141ns (39.081%)  route 0.220ns (60.919%))
  Logic Levels:           1  (FDSE=1)

    Location             Delay type                Incr(ns)  Path(ns)    Netlist Resource(s)
  -------------------------------------------------------------------    -------------------
    SLICE_X65Y77         FDSE                         0.000     0.000 r  CG1/CG1_4/CG1_4_1/leds_reg[10]/C
    SLICE_X65Y77         FDSE (Prop_fdse_C_Q)         0.141     0.141 r  CG1/CG1_4/CG1_4_1/leds_reg[10]/Q
                         net (fo=3, routed)           0.220     0.361    CG1/CG1_4/CG1_4_1/leds_reg[15]_0[3]
    SLICE_X65Y77         FDSE                                         r  CG1/CG1_4/CG1_4_1/leds_reg[11]/D
  -------------------------------------------------------------------    -------------------





--------------------------------------------------------------------------------------
Path Group:  (none)
From Clock:  sys_clk_pin
  To Clock:  

Max Delay            24 Endpoints
Min Delay            24 Endpoints
--------------------------------------------------------------------------------------


Max Delay Paths
--------------------------------------------------------------------------------------
Slack:                    inf
  Source:                 CG1/CG1_2/binaryRuns_reg[7]/C
                            (rising edge-triggered cell FDCE clocked by sys_clk_pin  {rise@0.000ns fall@5.000ns period=10.000ns})
  Destination:            seg[5]
                            (output port)
  Path Group:             (none)
  Path Type:              Max at Slow Process Corner
  Data Path Delay:        12.847ns  (logic 5.866ns (45.656%)  route 6.982ns (54.344%))
  Logic Levels:           8  (CARRY4=2 LUT2=1 LUT4=1 LUT6=3 OBUF=1)
  Clock Uncertainty:      0.025ns  ((TSJ^2 + TIJ^2)^1/2 + DJ) / 2 + PE
    Total System Jitter     (TSJ):    0.050ns
    Total Input Jitter      (TIJ):    0.000ns
    Discrete Jitter          (DJ):    0.000ns
    Phase Error              (PE):    0.000ns

    Location             Delay type                Incr(ns)  Path(ns)    Netlist Resource(s)
  -------------------------------------------------------------------    -------------------
                         (clock sys_clk_pin rise edge)
                                                      0.000     0.000 r  
    F14                                               0.000     0.000 r  clk_fpga (IN)
                         net (fo=0)                   0.000     0.000    clk_fpga
    F14                  IBUF (Prop_ibuf_I_O)         1.458     1.458 r  clk_fpga_IBUF_inst/O
                         net (fo=1, routed)           1.972     3.430    clk_fpga_IBUF
    BUFGCTRL_X0Y16       BUFG (Prop_bufg_I_O)         0.096     3.526 r  clk_fpga_IBUF_BUFG_inst/O
                         net (fo=126, routed)         1.606     5.132    CG1/CG1_2/CLK
    SLICE_X62Y76         FDCE                                         r  CG1/CG1_2/binaryRuns_reg[7]/C
  -------------------------------------------------------------------    -------------------
    SLICE_X62Y76         FDCE (Prop_fdce_C_Q)         0.419     5.551 r  CG1/CG1_2/binaryRuns_reg[7]/Q
                         net (fo=13, routed)          1.164     6.715    CG1/CG1_2/binaryRuns_reg[7]_0[7]
    SLICE_X59Y78         LUT2 (Prop_lut2_I1_O)        0.296     7.011 r  CG1/CG1_2/ones1_carry_i_2/O
                         net (fo=1, routed)           0.000     7.011    CG2/CG2_1/S[2]
    SLICE_X59Y78         CARRY4 (Prop_carry4_S[2]_CO[3])
                                                      0.398     7.409 r  CG2/CG2_1/ones1_carry/CO[3]
                         net (fo=1, routed)           0.000     7.409    CG2/CG2_1/ones1_carry_n_0
    SLICE_X59Y79         CARRY4 (Prop_carry4_CI_O[1])
                                                      0.334     7.743 r  CG2/CG2_1/ones1_carry__0/O[1]
                         net (fo=7, routed)           0.846     8.589    CG1/CG1_2/seg_OBUF[6]_inst_i_15_0[1]
    SLICE_X58Y78         LUT6 (Prop_lut6_I1_O)        0.303     8.892 r  CG1/CG1_2/seg_OBUF[6]_inst_i_22/O
                         net (fo=5, routed)           0.822     9.714    CG1/CG1_2/seg_OBUF[6]_inst_i_22_n_0
    SLICE_X60Y78         LUT6 (Prop_lut6_I1_O)        0.124     9.838 r  CG1/CG1_2/seg_OBUF[6]_inst_i_8/O
                         net (fo=2, routed)           0.596    10.434    CG2/CG2_3/seg_OBUF[1]_inst_i_1
    SLICE_X58Y77         LUT6 (Prop_lut6_I3_O)        0.124    10.558 r  CG2/CG2_3/seg_OBUF[6]_inst_i_2/O
                         net (fo=7, routed)           1.033    11.591    CG1/CG1_2/seg[6][0]
    SLICE_X63Y77         LUT4 (Prop_lut4_I1_O)        0.152    11.743 r  CG1/CG1_2/seg_OBUF[5]_inst_i_1/O
                         net (fo=1, routed)           2.520    14.264    seg_OBUF[5]
    H4                   OBUF (Prop_obuf_I_O)         3.716    17.979 r  seg_OBUF[5]_inst/O
                         net (fo=0)                   0.000    17.979    seg[5]
    H4                                                                r  seg[5] (OUT)
  -------------------------------------------------------------------    -------------------

Slack:                    inf
  Source:                 CG1/CG1_2/binaryRuns_reg[7]/C
                            (rising edge-triggered cell FDCE clocked by sys_clk_pin  {rise@0.000ns fall@5.000ns period=10.000ns})
  Destination:            seg[1]
                            (output port)
  Path Group:             (none)
  Path Type:              Max at Slow Process Corner
  Data Path Delay:        12.451ns  (logic 5.840ns (46.906%)  route 6.611ns (53.094%))
  Logic Levels:           8  (CARRY4=2 LUT2=1 LUT4=1 LUT6=3 OBUF=1)
  Clock Uncertainty:      0.025ns  ((TSJ^2 + TIJ^2)^1/2 + DJ) / 2 + PE
    Total System Jitter     (TSJ):    0.050ns
    Total Input Jitter      (TIJ):    0.000ns
    Discrete Jitter          (DJ):    0.000ns
    Phase Error              (PE):    0.000ns

    Location             Delay type                Incr(ns)  Path(ns)    Netlist Resource(s)
  -------------------------------------------------------------------    -------------------
                         (clock sys_clk_pin rise edge)
                                                      0.000     0.000 r  
    F14                                               0.000     0.000 r  clk_fpga (IN)
                         net (fo=0)                   0.000     0.000    clk_fpga
    F14                  IBUF (Prop_ibuf_I_O)         1.458     1.458 r  clk_fpga_IBUF_inst/O
                         net (fo=1, routed)           1.972     3.430    clk_fpga_IBUF
    BUFGCTRL_X0Y16       BUFG (Prop_bufg_I_O)         0.096     3.526 r  clk_fpga_IBUF_BUFG_inst/O
                         net (fo=126, routed)         1.606     5.132    CG1/CG1_2/CLK
    SLICE_X62Y76         FDCE                                         r  CG1/CG1_2/binaryRuns_reg[7]/C
  -------------------------------------------------------------------    -------------------
    SLICE_X62Y76         FDCE (Prop_fdce_C_Q)         0.419     5.551 r  CG1/CG1_2/binaryRuns_reg[7]/Q
                         net (fo=13, routed)          1.164     6.715    CG1/CG1_2/binaryRuns_reg[7]_0[7]
    SLICE_X59Y78         LUT2 (Prop_lut2_I1_O)        0.296     7.011 r  CG1/CG1_2/ones1_carry_i_2/O
                         net (fo=1, routed)           0.000     7.011    CG2/CG2_1/S[2]
    SLICE_X59Y78         CARRY4 (Prop_carry4_S[2]_CO[3])
                                                      0.398     7.409 r  CG2/CG2_1/ones1_carry/CO[3]
                         net (fo=1, routed)           0.000     7.409    CG2/CG2_1/ones1_carry_n_0
    SLICE_X59Y79         CARRY4 (Prop_carry4_CI_O[1])
                                                      0.334     7.743 r  CG2/CG2_1/ones1_carry__0/O[1]
                         net (fo=7, routed)           0.846     8.589    CG1/CG1_2/seg_OBUF[6]_inst_i_15_0[1]
    SLICE_X58Y78         LUT6 (Prop_lut6_I1_O)        0.303     8.892 r  CG1/CG1_2/seg_OBUF[6]_inst_i_22/O
                         net (fo=5, routed)           0.822     9.714    CG1/CG1_2/seg_OBUF[6]_inst_i_22_n_0
    SLICE_X60Y78         LUT6 (Prop_lut6_I1_O)        0.124     9.838 r  CG1/CG1_2/seg_OBUF[6]_inst_i_8/O
                         net (fo=2, routed)           0.596    10.434    CG2/CG2_3/seg_OBUF[1]_inst_i_1
    SLICE_X58Y77         LUT6 (Prop_lut6_I3_O)        0.124    10.558 r  CG2/CG2_3/seg_OBUF[6]_inst_i_2/O
                         net (fo=7, routed)           1.031    11.589    CG1/CG1_2/seg[6][0]
    SLICE_X63Y77         LUT4 (Prop_lut4_I0_O)        0.152    11.741 r  CG1/CG1_2/seg_OBUF[1]_inst_i_1/O
                         net (fo=1, routed)           2.152    13.893    seg_OBUF[1]
    J3                   OBUF (Prop_obuf_I_O)         3.690    17.583 r  seg_OBUF[1]_inst/O
                         net (fo=0)                   0.000    17.583    seg[1]
    J3                                                                r  seg[1] (OUT)
  -------------------------------------------------------------------    -------------------

Slack:                    inf
  Source:                 CG1/CG1_2/binaryRuns_reg[7]/C
                            (rising edge-triggered cell FDCE clocked by sys_clk_pin  {rise@0.000ns fall@5.000ns period=10.000ns})
  Destination:            seg[2]
                            (output port)
  Path Group:             (none)
  Path Type:              Max at Slow Process Corner
  Data Path Delay:        12.079ns  (logic 5.666ns (46.909%)  route 6.413ns (53.091%))
  Logic Levels:           8  (CARRY4=2 LUT2=1 LUT4=1 LUT6=3 OBUF=1)
  Clock Uncertainty:      0.025ns  ((TSJ^2 + TIJ^2)^1/2 + DJ) / 2 + PE
    Total System Jitter     (TSJ):    0.050ns
    Total Input Jitter      (TIJ):    0.000ns
    Discrete Jitter          (DJ):    0.000ns
    Phase Error              (PE):    0.000ns

    Location             Delay type                Incr(ns)  Path(ns)    Netlist Resource(s)
  -------------------------------------------------------------------    -------------------
                         (clock sys_clk_pin rise edge)
                                                      0.000     0.000 r  
    F14                                               0.000     0.000 r  clk_fpga (IN)
                         net (fo=0)                   0.000     0.000    clk_fpga
    F14                  IBUF (Prop_ibuf_I_O)         1.458     1.458 r  clk_fpga_IBUF_inst/O
                         net (fo=1, routed)           1.972     3.430    clk_fpga_IBUF
    BUFGCTRL_X0Y16       BUFG (Prop_bufg_I_O)         0.096     3.526 r  clk_fpga_IBUF_BUFG_inst/O
                         net (fo=126, routed)         1.606     5.132    CG1/CG1_2/CLK
    SLICE_X62Y76         FDCE                                         r  CG1/CG1_2/binaryRuns_reg[7]/C
  -------------------------------------------------------------------    -------------------
    SLICE_X62Y76         FDCE (Prop_fdce_C_Q)         0.419     5.551 r  CG1/CG1_2/binaryRuns_reg[7]/Q
                         net (fo=13, routed)          1.164     6.715    CG1/CG1_2/binaryRuns_reg[7]_0[7]
    SLICE_X59Y78         LUT2 (Prop_lut2_I1_O)        0.296     7.011 r  CG1/CG1_2/ones1_carry_i_2/O
                         net (fo=1, routed)           0.000     7.011    CG2/CG2_1/S[2]
    SLICE_X59Y78         CARRY4 (Prop_carry4_S[2]_CO[3])
                                                      0.398     7.409 r  CG2/CG2_1/ones1_carry/CO[3]
                         net (fo=1, routed)           0.000     7.409    CG2/CG2_1/ones1_carry_n_0
    SLICE_X59Y79         CARRY4 (Prop_carry4_CI_O[1])
                                                      0.334     7.743 r  CG2/CG2_1/ones1_carry__0/O[1]
                         net (fo=7, routed)           0.846     8.589    CG1/CG1_2/seg_OBUF[6]_inst_i_15_0[1]
    SLICE_X58Y78         LUT6 (Prop_lut6_I1_O)        0.303     8.892 r  CG1/CG1_2/seg_OBUF[6]_inst_i_22/O
                         net (fo=5, routed)           0.822     9.714    CG1/CG1_2/seg_OBUF[6]_inst_i_22_n_0
    SLICE_X60Y78         LUT6 (Prop_lut6_I1_O)        0.124     9.838 r  CG1/CG1_2/seg_OBUF[6]_inst_i_8/O
                         net (fo=2, routed)           0.596    10.434    CG2/CG2_3/seg_OBUF[1]_inst_i_1
    SLICE_X58Y77         LUT6 (Prop_lut6_I3_O)        0.124    10.558 r  CG2/CG2_3/seg_OBUF[6]_inst_i_2/O
                         net (fo=7, routed)           1.033    11.591    CG1/CG1_2/seg[6][0]
    SLICE_X63Y77         LUT4 (Prop_lut4_I0_O)        0.124    11.715 r  CG1/CG1_2/seg_OBUF[2]_inst_i_1/O
                         net (fo=1, routed)           1.952    13.667    seg_OBUF[2]
    D2                   OBUF (Prop_obuf_I_O)         3.544    17.211 r  seg_OBUF[2]_inst/O
                         net (fo=0)                   0.000    17.211    seg[2]
    D2                                                                r  seg[2] (OUT)
  -------------------------------------------------------------------    -------------------

Slack:                    inf
  Source:                 CG1/CG1_2/binaryRuns_reg[7]/C
                            (rising edge-triggered cell FDCE clocked by sys_clk_pin  {rise@0.000ns fall@5.000ns period=10.000ns})
  Destination:            seg[4]
                            (output port)
  Path Group:             (none)
  Path Type:              Max at Slow Process Corner
  Data Path Delay:        12.020ns  (logic 5.886ns (48.963%)  route 6.135ns (51.037%))
  Logic Levels:           8  (CARRY4=2 LUT2=1 LUT4=1 LUT5=1 LUT6=2 OBUF=1)
  Clock Uncertainty:      0.025ns  ((TSJ^2 + TIJ^2)^1/2 + DJ) / 2 + PE
    Total System Jitter     (TSJ):    0.050ns
    Total Input Jitter      (TIJ):    0.000ns
    Discrete Jitter          (DJ):    0.000ns
    Phase Error              (PE):    0.000ns

    Location             Delay type                Incr(ns)  Path(ns)    Netlist Resource(s)
  -------------------------------------------------------------------    -------------------
                         (clock sys_clk_pin rise edge)
                                                      0.000     0.000 r  
    F14                                               0.000     0.000 r  clk_fpga (IN)
                         net (fo=0)                   0.000     0.000    clk_fpga
    F14                  IBUF (Prop_ibuf_I_O)         1.458     1.458 r  clk_fpga_IBUF_inst/O
                         net (fo=1, routed)           1.972     3.430    clk_fpga_IBUF
    BUFGCTRL_X0Y16       BUFG (Prop_bufg_I_O)         0.096     3.526 r  clk_fpga_IBUF_BUFG_inst/O
                         net (fo=126, routed)         1.606     5.132    CG1/CG1_2/CLK
    SLICE_X62Y76         FDCE                                         r  CG1/CG1_2/binaryRuns_reg[7]/C
  -------------------------------------------------------------------    -------------------
    SLICE_X62Y76         FDCE (Prop_fdce_C_Q)         0.419     5.551 r  CG1/CG1_2/binaryRuns_reg[7]/Q
                         net (fo=13, routed)          1.164     6.715    CG1/CG1_2/binaryRuns_reg[7]_0[7]
    SLICE_X59Y78         LUT2 (Prop_lut2_I1_O)        0.296     7.011 r  CG1/CG1_2/ones1_carry_i_2/O
                         net (fo=1, routed)           0.000     7.011    CG2/CG2_1/S[2]
    SLICE_X59Y78         CARRY4 (Prop_carry4_S[2]_CO[3])
                                                      0.398     7.409 r  CG2/CG2_1/ones1_carry/CO[3]
                         net (fo=1, routed)           0.000     7.409    CG2/CG2_1/ones1_carry_n_0
    SLICE_X59Y79         CARRY4 (Prop_carry4_CI_O[1])
                                                      0.334     7.743 r  CG2/CG2_1/ones1_carry__0/O[1]
                         net (fo=7, routed)           0.846     8.589    CG1/CG1_2/seg_OBUF[6]_inst_i_15_0[1]
    SLICE_X58Y78         LUT6 (Prop_lut6_I1_O)        0.303     8.892 r  CG1/CG1_2/seg_OBUF[6]_inst_i_22/O
                         net (fo=5, routed)           0.832     9.724    CG1/CG1_2/seg_OBUF[6]_inst_i_22_n_0
    SLICE_X58Y77         LUT6 (Prop_lut6_I2_O)        0.124     9.848 r  CG1/CG1_2/seg_OBUF[6]_inst_i_18/O
                         net (fo=1, routed)           0.818    10.666    CG1/CG1_2/seg_OBUF[6]_inst_i_18_n_0
    SLICE_X62Y77         LUT5 (Prop_lut5_I0_O)        0.124    10.790 r  CG1/CG1_2/seg_OBUF[6]_inst_i_5/O
                         net (fo=7, routed)           0.668    11.457    CG1/CG1_2/sel0[1]
    SLICE_X63Y77         LUT4 (Prop_lut4_I1_O)        0.154    11.611 r  CG1/CG1_2/seg_OBUF[4]_inst_i_1/O
                         net (fo=1, routed)           1.807    13.419    seg_OBUF[4]
    B1                   OBUF (Prop_obuf_I_O)         3.734    17.152 r  seg_OBUF[4]_inst/O
                         net (fo=0)                   0.000    17.152    seg[4]
    B1                                                                r  seg[4] (OUT)
  -------------------------------------------------------------------    -------------------

Slack:                    inf
  Source:                 CG1/CG1_2/binaryRuns_reg[7]/C
                            (rising edge-triggered cell FDCE clocked by sys_clk_pin  {rise@0.000ns fall@5.000ns period=10.000ns})
  Destination:            seg[6]
                            (output port)
  Path Group:             (none)
  Path Type:              Max at Slow Process Corner
  Data Path Delay:        11.998ns  (logic 5.642ns (47.027%)  route 6.356ns (52.973%))
  Logic Levels:           8  (CARRY4=2 LUT2=1 LUT4=1 LUT5=1 LUT6=2 OBUF=1)
  Clock Uncertainty:      0.025ns  ((TSJ^2 + TIJ^2)^1/2 + DJ) / 2 + PE
    Total System Jitter     (TSJ):    0.050ns
    Total Input Jitter      (TIJ):    0.000ns
    Discrete Jitter          (DJ):    0.000ns
    Phase Error              (PE):    0.000ns

    Location             Delay type                Incr(ns)  Path(ns)    Netlist Resource(s)
  -------------------------------------------------------------------    -------------------
                         (clock sys_clk_pin rise edge)
                                                      0.000     0.000 r  
    F14                                               0.000     0.000 r  clk_fpga (IN)
                         net (fo=0)                   0.000     0.000    clk_fpga
    F14                  IBUF (Prop_ibuf_I_O)         1.458     1.458 r  clk_fpga_IBUF_inst/O
                         net (fo=1, routed)           1.972     3.430    clk_fpga_IBUF
    BUFGCTRL_X0Y16       BUFG (Prop_bufg_I_O)         0.096     3.526 r  clk_fpga_IBUF_BUFG_inst/O
                         net (fo=126, routed)         1.606     5.132    CG1/CG1_2/CLK
    SLICE_X62Y76         FDCE                                         r  CG1/CG1_2/binaryRuns_reg[7]/C
  -------------------------------------------------------------------    -------------------
    SLICE_X62Y76         FDCE (Prop_fdce_C_Q)         0.419     5.551 r  CG1/CG1_2/binaryRuns_reg[7]/Q
                         net (fo=13, routed)          1.164     6.715    CG1/CG1_2/binaryRuns_reg[7]_0[7]
    SLICE_X59Y78         LUT2 (Prop_lut2_I1_O)        0.296     7.011 r  CG1/CG1_2/ones1_carry_i_2/O
                         net (fo=1, routed)           0.000     7.011    CG2/CG2_1/S[2]
    SLICE_X59Y78         CARRY4 (Prop_carry4_S[2]_CO[3])
                                                      0.398     7.409 r  CG2/CG2_1/ones1_carry/CO[3]
                         net (fo=1, routed)           0.000     7.409    CG2/CG2_1/ones1_carry_n_0
    SLICE_X59Y79         CARRY4 (Prop_carry4_CI_O[1])
                                                      0.334     7.743 r  CG2/CG2_1/ones1_carry__0/O[1]
                         net (fo=7, routed)           0.846     8.589    CG1/CG1_2/seg_OBUF[6]_inst_i_15_0[1]
    SLICE_X58Y78         LUT6 (Prop_lut6_I1_O)        0.303     8.892 r  CG1/CG1_2/seg_OBUF[6]_inst_i_22/O
                         net (fo=5, routed)           0.832     9.724    CG1/CG1_2/seg_OBUF[6]_inst_i_22_n_0
    SLICE_X58Y77         LUT6 (Prop_lut6_I2_O)        0.124     9.848 r  CG1/CG1_2/seg_OBUF[6]_inst_i_18/O
                         net (fo=1, routed)           0.818    10.666    CG1/CG1_2/seg_OBUF[6]_inst_i_18_n_0
    SLICE_X62Y77         LUT5 (Prop_lut5_I0_O)        0.124    10.790 r  CG1/CG1_2/seg_OBUF[6]_inst_i_5/O
                         net (fo=7, routed)           0.670    11.459    CG1/CG1_2/sel0[1]
    SLICE_X63Y77         LUT4 (Prop_lut4_I3_O)        0.124    11.583 r  CG1/CG1_2/seg_OBUF[6]_inst_i_1/O
                         net (fo=1, routed)           2.026    13.610    seg_OBUF[6]
    D1                   OBUF (Prop_obuf_I_O)         3.520    17.130 r  seg_OBUF[6]_inst/O
                         net (fo=0)                   0.000    17.130    seg[6]
    D1                                                                r  seg[6] (OUT)
  -------------------------------------------------------------------    -------------------

Slack:                    inf
  Source:                 CG1/CG1_2/binaryRuns_reg[7]/C
                            (rising edge-triggered cell FDCE clocked by sys_clk_pin  {rise@0.000ns fall@5.000ns period=10.000ns})
  Destination:            seg[0]
                            (output port)
  Path Group:             (none)
  Path Type:              Max at Slow Process Corner
  Data Path Delay:        11.987ns  (logic 5.647ns (47.105%)  route 6.341ns (52.895%))
  Logic Levels:           8  (CARRY4=2 LUT2=1 LUT4=1 LUT6=3 OBUF=1)
  Clock Uncertainty:      0.025ns  ((TSJ^2 + TIJ^2)^1/2 + DJ) / 2 + PE
    Total System Jitter     (TSJ):    0.050ns
    Total Input Jitter      (TIJ):    0.000ns
    Discrete Jitter          (DJ):    0.000ns
    Phase Error              (PE):    0.000ns

    Location             Delay type                Incr(ns)  Path(ns)    Netlist Resource(s)
  -------------------------------------------------------------------    -------------------
                         (clock sys_clk_pin rise edge)
                                                      0.000     0.000 r  
    F14                                               0.000     0.000 r  clk_fpga (IN)
                         net (fo=0)                   0.000     0.000    clk_fpga
    F14                  IBUF (Prop_ibuf_I_O)         1.458     1.458 r  clk_fpga_IBUF_inst/O
                         net (fo=1, routed)           1.972     3.430    clk_fpga_IBUF
    BUFGCTRL_X0Y16       BUFG (Prop_bufg_I_O)         0.096     3.526 r  clk_fpga_IBUF_BUFG_inst/O
                         net (fo=126, routed)         1.606     5.132    CG1/CG1_2/CLK
    SLICE_X62Y76         FDCE                                         r  CG1/CG1_2/binaryRuns_reg[7]/C
  -------------------------------------------------------------------    -------------------
    SLICE_X62Y76         FDCE (Prop_fdce_C_Q)         0.419     5.551 r  CG1/CG1_2/binaryRuns_reg[7]/Q
                         net (fo=13, routed)          1.164     6.715    CG1/CG1_2/binaryRuns_reg[7]_0[7]
    SLICE_X59Y78         LUT2 (Prop_lut2_I1_O)        0.296     7.011 r  CG1/CG1_2/ones1_carry_i_2/O
                         net (fo=1, routed)           0.000     7.011    CG2/CG2_1/S[2]
    SLICE_X59Y78         CARRY4 (Prop_carry4_S[2]_CO[3])
                                                      0.398     7.409 r  CG2/CG2_1/ones1_carry/CO[3]
                         net (fo=1, routed)           0.000     7.409    CG2/CG2_1/ones1_carry_n_0
    SLICE_X59Y79         CARRY4 (Prop_carry4_CI_O[1])
                                                      0.334     7.743 r  CG2/CG2_1/ones1_carry__0/O[1]
                         net (fo=7, routed)           0.846     8.589    CG1/CG1_2/seg_OBUF[6]_inst_i_15_0[1]
    SLICE_X58Y78         LUT6 (Prop_lut6_I1_O)        0.303     8.892 r  CG1/CG1_2/seg_OBUF[6]_inst_i_22/O
                         net (fo=5, routed)           0.822     9.714    CG1/CG1_2/seg_OBUF[6]_inst_i_22_n_0
    SLICE_X60Y78         LUT6 (Prop_lut6_I1_O)        0.124     9.838 r  CG1/CG1_2/seg_OBUF[6]_inst_i_8/O
                         net (fo=2, routed)           0.596    10.434    CG2/CG2_3/seg_OBUF[1]_inst_i_1
    SLICE_X58Y77         LUT6 (Prop_lut6_I3_O)        0.124    10.558 r  CG2/CG2_3/seg_OBUF[6]_inst_i_2/O
                         net (fo=7, routed)           1.031    11.589    CG1/CG1_2/seg[6][0]
    SLICE_X63Y77         LUT4 (Prop_lut4_I1_O)        0.124    11.713 r  CG1/CG1_2/seg_OBUF[0]_inst_i_1/O
                         net (fo=1, routed)           1.881    13.595    seg_OBUF[0]
    F4                   OBUF (Prop_obuf_I_O)         3.525    17.119 r  seg_OBUF[0]_inst/O
                         net (fo=0)                   0.000    17.119    seg[0]
    F4                                                                r  seg[0] (OUT)
  -------------------------------------------------------------------    -------------------

Slack:                    inf
  Source:                 CG1/CG1_2/binaryRuns_reg[7]/C
                            (rising edge-triggered cell FDCE clocked by sys_clk_pin  {rise@0.000ns fall@5.000ns period=10.000ns})
  Destination:            seg[3]
                            (output port)
  Path Group:             (none)
  Path Type:              Max at Slow Process Corner
  Data Path Delay:        11.674ns  (logic 5.653ns (48.421%)  route 6.022ns (51.579%))
  Logic Levels:           8  (CARRY4=2 LUT2=1 LUT4=1 LUT5=1 LUT6=2 OBUF=1)
  Clock Uncertainty:      0.025ns  ((TSJ^2 + TIJ^2)^1/2 + DJ) / 2 + PE
    Total System Jitter     (TSJ):    0.050ns
    Total Input Jitter      (TIJ):    0.000ns
    Discrete Jitter          (DJ):    0.000ns
    Phase Error              (PE):    0.000ns

    Location             Delay type                Incr(ns)  Path(ns)    Netlist Resource(s)
  -------------------------------------------------------------------    -------------------
                         (clock sys_clk_pin rise edge)
                                                      0.000     0.000 r  
    F14                                               0.000     0.000 r  clk_fpga (IN)
                         net (fo=0)                   0.000     0.000    clk_fpga
    F14                  IBUF (Prop_ibuf_I_O)         1.458     1.458 r  clk_fpga_IBUF_inst/O
                         net (fo=1, routed)           1.972     3.430    clk_fpga_IBUF
    BUFGCTRL_X0Y16       BUFG (Prop_bufg_I_O)         0.096     3.526 r  clk_fpga_IBUF_BUFG_inst/O
                         net (fo=126, routed)         1.606     5.132    CG1/CG1_2/CLK
    SLICE_X62Y76         FDCE                                         r  CG1/CG1_2/binaryRuns_reg[7]/C
  -------------------------------------------------------------------    -------------------
    SLICE_X62Y76         FDCE (Prop_fdce_C_Q)         0.419     5.551 r  CG1/CG1_2/binaryRuns_reg[7]/Q
                         net (fo=13, routed)          1.164     6.715    CG1/CG1_2/binaryRuns_reg[7]_0[7]
    SLICE_X59Y78         LUT2 (Prop_lut2_I1_O)        0.296     7.011 r  CG1/CG1_2/ones1_carry_i_2/O
                         net (fo=1, routed)           0.000     7.011    CG2/CG2_1/S[2]
    SLICE_X59Y78         CARRY4 (Prop_carry4_S[2]_CO[3])
                                                      0.398     7.409 r  CG2/CG2_1/ones1_carry/CO[3]
                         net (fo=1, routed)           0.000     7.409    CG2/CG2_1/ones1_carry_n_0
    SLICE_X59Y79         CARRY4 (Prop_carry4_CI_O[1])
                                                      0.334     7.743 r  CG2/CG2_1/ones1_carry__0/O[1]
                         net (fo=7, routed)           0.846     8.589    CG1/CG1_2/seg_OBUF[6]_inst_i_15_0[1]
    SLICE_X58Y78         LUT6 (Prop_lut6_I1_O)        0.303     8.892 r  CG1/CG1_2/seg_OBUF[6]_inst_i_22/O
                         net (fo=5, routed)           0.832     9.724    CG1/CG1_2/seg_OBUF[6]_inst_i_22_n_0
    SLICE_X58Y77         LUT6 (Prop_lut6_I2_O)        0.124     9.848 r  CG1/CG1_2/seg_OBUF[6]_inst_i_18/O
                         net (fo=1, routed)           0.818    10.666    CG1/CG1_2/seg_OBUF[6]_inst_i_18_n_0
    SLICE_X62Y77         LUT5 (Prop_lut5_I0_O)        0.124    10.790 r  CG1/CG1_2/seg_OBUF[6]_inst_i_5/O
                         net (fo=7, routed)           0.668    11.457    CG1/CG1_2/sel0[1]
    SLICE_X63Y77         LUT4 (Prop_lut4_I1_O)        0.124    11.581 r  CG1/CG1_2/seg_OBUF[3]_inst_i_1/O
                         net (fo=1, routed)           1.694    13.275    seg_OBUF[3]
    C2                   OBUF (Prop_obuf_I_O)         3.531    16.806 r  seg_OBUF[3]_inst/O
                         net (fo=0)                   0.000    16.806    seg[3]
    C2                                                                r  seg[3] (OUT)
  -------------------------------------------------------------------    -------------------

Slack:                    inf
  Source:                 CG1/CG1_4/leds_reg[0]/C
                            (rising edge-triggered cell FDCE clocked by sys_clk_pin  {rise@0.000ns fall@5.000ns period=10.000ns})
  Destination:            led[0]
                            (output port)
  Path Group:             (none)
  Path Type:              Max at Slow Process Corner
  Data Path Delay:        6.351ns  (logic 4.038ns (63.586%)  route 2.313ns (36.414%))
  Logic Levels:           1  (OBUF=1)
  Clock Uncertainty:      0.025ns  ((TSJ^2 + TIJ^2)^1/2 + DJ) / 2 + PE
    Total System Jitter     (TSJ):    0.050ns
    Total Input Jitter      (TIJ):    0.000ns
    Discrete Jitter          (DJ):    0.000ns
    Phase Error              (PE):    0.000ns

    Location             Delay type                Incr(ns)  Path(ns)    Netlist Resource(s)
  -------------------------------------------------------------------    -------------------
                         (clock sys_clk_pin rise edge)
                                                      0.000     0.000 r  
    F14                                               0.000     0.000 r  clk_fpga (IN)
                         net (fo=0)                   0.000     0.000    clk_fpga
    F14                  IBUF (Prop_ibuf_I_O)         1.458     1.458 r  clk_fpga_IBUF_inst/O
                         net (fo=1, routed)           1.972     3.430    clk_fpga_IBUF
    BUFGCTRL_X0Y16       BUFG (Prop_bufg_I_O)         0.096     3.526 r  clk_fpga_IBUF_BUFG_inst/O
                         net (fo=126, routed)         1.606     5.132    CG1/CG1_4/CLK
    SLICE_X64Y76         FDCE                                         r  CG1/CG1_4/leds_reg[0]/C
  -------------------------------------------------------------------    -------------------
    SLICE_X64Y76         FDCE (Prop_fdce_C_Q)         0.518     5.650 r  CG1/CG1_4/leds_reg[0]/Q
                         net (fo=1, routed)           2.313     7.962    led_OBUF[0]
    G1                   OBUF (Prop_obuf_I_O)         3.520    11.483 r  led_OBUF[0]_inst/O
                         net (fo=0)                   0.000    11.483    led[0]
    G1                                                                r  led[0] (OUT)
  -------------------------------------------------------------------    -------------------

Slack:                    inf
  Source:                 CG1/CG1_4/leds_reg[6]_lopt_replica/C
                            (rising edge-triggered cell FDCE clocked by sys_clk_pin  {rise@0.000ns fall@5.000ns period=10.000ns})
  Destination:            led[6]
                            (output port)
  Path Group:             (none)
  Path Type:              Max at Slow Process Corner
  Data Path Delay:        6.231ns  (logic 4.186ns (67.178%)  route 2.045ns (32.822%))
  Logic Levels:           1  (OBUF=1)
  Clock Uncertainty:      0.025ns  ((TSJ^2 + TIJ^2)^1/2 + DJ) / 2 + PE
    Total System Jitter     (TSJ):    0.050ns
    Total Input Jitter      (TIJ):    0.000ns
    Discrete Jitter          (DJ):    0.000ns
    Phase Error              (PE):    0.000ns

    Location             Delay type                Incr(ns)  Path(ns)    Netlist Resource(s)
  -------------------------------------------------------------------    -------------------
                         (clock sys_clk_pin rise edge)
                                                      0.000     0.000 r  
    F14                                               0.000     0.000 r  clk_fpga (IN)
                         net (fo=0)                   0.000     0.000    clk_fpga
    F14                  IBUF (Prop_ibuf_I_O)         1.458     1.458 r  clk_fpga_IBUF_inst/O
                         net (fo=1, routed)           1.972     3.430    clk_fpga_IBUF
    BUFGCTRL_X0Y16       BUFG (Prop_bufg_I_O)         0.096     3.526 r  clk_fpga_IBUF_BUFG_inst/O
                         net (fo=126, routed)         1.606     5.132    CG1/CG1_4/CLK
    SLICE_X64Y76         FDCE                                         r  CG1/CG1_4/leds_reg[6]_lopt_replica/C
  -------------------------------------------------------------------    -------------------
    SLICE_X64Y76         FDCE (Prop_fdce_C_Q)         0.478     5.610 r  CG1/CG1_4/leds_reg[6]_lopt_replica/Q
                         net (fo=1, routed)           2.045     7.655    lopt_6
    E3                   OBUF (Prop_obuf_I_O)         3.708    11.363 r  led_OBUF[6]_inst/O
                         net (fo=0)                   0.000    11.363    led[6]
    E3                                                                r  led[6] (OUT)
  -------------------------------------------------------------------    -------------------

Slack:                    inf
  Source:                 CG1/CG1_4/leds_reg[8]_lopt_replica/C
                            (rising edge-triggered cell FDCE clocked by sys_clk_pin  {rise@0.000ns fall@5.000ns period=10.000ns})
  Destination:            led[8]
                            (output port)
  Path Group:             (none)
  Path Type:              Max at Slow Process Corner
  Data Path Delay:        6.221ns  (logic 4.160ns (66.868%)  route 2.061ns (33.132%))
  Logic Levels:           1  (OBUF=1)
  Clock Uncertainty:      0.025ns  ((TSJ^2 + TIJ^2)^1/2 + DJ) / 2 + PE
    Total System Jitter     (TSJ):    0.050ns
    Total Input Jitter      (TIJ):    0.000ns
    Discrete Jitter          (DJ):    0.000ns
    Phase Error              (PE):    0.000ns

    Location             Delay type                Incr(ns)  Path(ns)    Netlist Resource(s)
  -------------------------------------------------------------------    -------------------
                         (clock sys_clk_pin rise edge)
                                                      0.000     0.000 r  
    F14                                               0.000     0.000 r  clk_fpga (IN)
                         net (fo=0)                   0.000     0.000    clk_fpga
    F14                  IBUF (Prop_ibuf_I_O)         1.458     1.458 r  clk_fpga_IBUF_inst/O
                         net (fo=1, routed)           1.972     3.430    clk_fpga_IBUF
    BUFGCTRL_X0Y16       BUFG (Prop_bufg_I_O)         0.096     3.526 r  clk_fpga_IBUF_BUFG_inst/O
                         net (fo=126, routed)         1.610     5.136    CG1/CG1_4/CLK
    SLICE_X64Y78         FDCE                                         r  CG1/CG1_4/leds_reg[8]_lopt_replica/C
  -------------------------------------------------------------------    -------------------
    SLICE_X64Y78         FDCE (Prop_fdce_C_Q)         0.478     5.614 r  CG1/CG1_4/leds_reg[8]_lopt_replica/Q
                         net (fo=1, routed)           2.061     7.675    lopt_8
    E6                   OBUF (Prop_obuf_I_O)         3.682    11.357 r  led_OBUF[8]_inst/O
                         net (fo=0)                   0.000    11.357    led[8]
    E6                                                                r  led[8] (OUT)
  -------------------------------------------------------------------    -------------------





Min Delay Paths
--------------------------------------------------------------------------------------
Slack:                    inf
  Source:                 CG1/CG1_2/team1Data_reg[7]/C
                            (rising edge-triggered cell FDCE clocked by sys_clk_pin  {rise@0.000ns fall@5.000ns period=10.000ns})
  Destination:            CG1/CG1_3/winner_reg/D
  Path Group:             (none)
  Path Type:              Min at Fast Process Corner
  Data Path Delay:        0.507ns  (logic 0.363ns (71.579%)  route 0.144ns (28.421%))
  Logic Levels:           3  (CARRY4=2 LUT4=1)
  Clock Uncertainty:      0.025ns  ((TSJ^2 + TIJ^2)^1/2 + DJ) / 2 + PE
    Total System Jitter     (TSJ):    0.050ns
    Total Input Jitter      (TIJ):    0.000ns
    Discrete Jitter          (DJ):    0.000ns
    Phase Error              (PE):    0.000ns

    Location             Delay type                Incr(ns)  Path(ns)    Netlist Resource(s)
  -------------------------------------------------------------------    -------------------
                         (clock sys_clk_pin rise edge)
                                                      0.000     0.000 r  
    F14                                               0.000     0.000 r  clk_fpga (IN)
                         net (fo=0)                   0.000     0.000    clk_fpga
    F14                  IBUF (Prop_ibuf_I_O)         0.226     0.226 r  clk_fpga_IBUF_inst/O
                         net (fo=1, routed)           0.634     0.861    clk_fpga_IBUF
    BUFGCTRL_X0Y16       BUFG (Prop_bufg_I_O)         0.026     0.887 r  clk_fpga_IBUF_BUFG_inst/O
                         net (fo=126, routed)         0.577     1.463    CG1/CG1_2/CLK
    SLICE_X58Y75         FDCE                                         r  CG1/CG1_2/team1Data_reg[7]/C
  -------------------------------------------------------------------    -------------------
    SLICE_X58Y75         FDCE (Prop_fdce_C_Q)         0.141     1.604 r  CG1/CG1_2/team1Data_reg[7]/Q
                         net (fo=4, routed)           0.144     1.748    CG1/CG1_2/team1Data_reg[7]
    SLICE_X61Y76         LUT4 (Prop_lut4_I0_O)        0.049     1.797 r  CG1/CG1_2/winner0_carry_i_3/O
                         net (fo=1, routed)           0.000     1.797    CG1/CG1_3/winner_reg_0[1]
    SLICE_X61Y76         CARRY4 (Prop_carry4_DI[1]_CO[3])
                                                      0.119     1.916 r  CG1/CG1_3/winner0_carry/CO[3]
                         net (fo=1, routed)           0.000     1.916    CG1/CG1_3/winner0_carry_n_0
    SLICE_X61Y77         CARRY4 (Prop_carry4_CI_O[0])
                                                      0.054     1.970 r  CG1/CG1_3/winner0_carry__0/O[0]
                         net (fo=1, routed)           0.000     1.970    CG1/CG1_3/winner0_carry__0_n_7
    SLICE_X61Y77         FDRE                                         r  CG1/CG1_3/winner_reg/D
  -------------------------------------------------------------------    -------------------

Slack:                    inf
  Source:                 CG1/CG1_4/leds_reg[4]_lopt_replica/C
                            (rising edge-triggered cell FDCE clocked by sys_clk_pin  {rise@0.000ns fall@5.000ns period=10.000ns})
  Destination:            led[4]
                            (output port)
  Path Group:             (none)
  Path Type:              Min at Fast Process Corner
  Data Path Delay:        1.725ns  (logic 1.384ns (80.237%)  route 0.341ns (19.763%))
  Logic Levels:           1  (OBUF=1)
  Clock Uncertainty:      0.025ns  ((TSJ^2 + TIJ^2)^1/2 + DJ) / 2 + PE
    Total System Jitter     (TSJ):    0.050ns
    Total Input Jitter      (TIJ):    0.000ns
    Discrete Jitter          (DJ):    0.000ns
    Phase Error              (PE):    0.000ns

    Location             Delay type                Incr(ns)  Path(ns)    Netlist Resource(s)
  -------------------------------------------------------------------    -------------------
                         (clock sys_clk_pin rise edge)
                                                      0.000     0.000 r  
    F14                                               0.000     0.000 r  clk_fpga (IN)
                         net (fo=0)                   0.000     0.000    clk_fpga
    F14                  IBUF (Prop_ibuf_I_O)         0.226     0.226 r  clk_fpga_IBUF_inst/O
                         net (fo=1, routed)           0.634     0.861    clk_fpga_IBUF
    BUFGCTRL_X0Y16       BUFG (Prop_bufg_I_O)         0.026     0.887 r  clk_fpga_IBUF_BUFG_inst/O
                         net (fo=126, routed)         0.578     1.464    CG1/CG1_4/CLK
    SLICE_X64Y74         FDCE                                         r  CG1/CG1_4/leds_reg[4]_lopt_replica/C
  -------------------------------------------------------------------    -------------------
    SLICE_X64Y74         FDCE (Prop_fdce_C_Q)         0.164     1.628 r  CG1/CG1_4/leds_reg[4]_lopt_replica/Q
                         net (fo=1, routed)           0.341     1.969    lopt_4
    E1                   OBUF (Prop_obuf_I_O)         1.220     3.190 r  led_OBUF[4]_inst/O
                         net (fo=0)                   0.000     3.190    led[4]
    E1                                                                r  led[4] (OUT)
  -------------------------------------------------------------------    -------------------

Slack:                    inf
  Source:                 CG1/CG1_4/leds_reg[10]/C
                            (rising edge-triggered cell FDCE clocked by sys_clk_pin  {rise@0.000ns fall@5.000ns period=10.000ns})
  Destination:            led[10]
                            (output port)
  Path Group:             (none)
  Path Type:              Min at Fast Process Corner
  Data Path Delay:        1.738ns  (logic 1.398ns (80.430%)  route 0.340ns (19.570%))
  Logic Levels:           1  (OBUF=1)
  Clock Uncertainty:      0.025ns  ((TSJ^2 + TIJ^2)^1/2 + DJ) / 2 + PE
    Total System Jitter     (TSJ):    0.050ns
    Total Input Jitter      (TIJ):    0.000ns
    Discrete Jitter          (DJ):    0.000ns
    Phase Error              (PE):    0.000ns

    Location             Delay type                Incr(ns)  Path(ns)    Netlist Resource(s)
  -------------------------------------------------------------------    -------------------
                         (clock sys_clk_pin rise edge)
                                                      0.000     0.000 r  
    F14                                               0.000     0.000 r  clk_fpga (IN)
                         net (fo=0)                   0.000     0.000    clk_fpga
    F14                  IBUF (Prop_ibuf_I_O)         0.226     0.226 r  clk_fpga_IBUF_inst/O
                         net (fo=1, routed)           0.634     0.861    clk_fpga_IBUF
    BUFGCTRL_X0Y16       BUFG (Prop_bufg_I_O)         0.026     0.887 r  clk_fpga_IBUF_BUFG_inst/O
                         net (fo=126, routed)         0.581     1.467    CG1/CG1_4/CLK
    SLICE_X64Y78         FDCE                                         r  CG1/CG1_4/leds_reg[10]/C
  -------------------------------------------------------------------    -------------------
    SLICE_X64Y78         FDCE (Prop_fdce_C_Q)         0.164     1.631 r  CG1/CG1_4/leds_reg[10]/Q
                         net (fo=2, routed)           0.340     1.971    led_OBUF[10]
    B2                   OBUF (Prop_obuf_I_O)         1.234     3.206 r  led_OBUF[10]_inst/O
                         net (fo=0)                   0.000     3.206    led[10]
    B2                                                                r  led[10] (OUT)
  -------------------------------------------------------------------    -------------------

Slack:                    inf
  Source:                 CG1/CG1_4/leds_reg[12]/C
                            (rising edge-triggered cell FDCE clocked by sys_clk_pin  {rise@0.000ns fall@5.000ns period=10.000ns})
  Destination:            led[12]
                            (output port)
  Path Group:             (none)
  Path Type:              Min at Fast Process Corner
  Data Path Delay:        1.759ns  (logic 1.391ns (79.103%)  route 0.368ns (20.897%))
  Logic Levels:           1  (OBUF=1)
  Clock Uncertainty:      0.025ns  ((TSJ^2 + TIJ^2)^1/2 + DJ) / 2 + PE
    Total System Jitter     (TSJ):    0.050ns
    Total Input Jitter      (TIJ):    0.000ns
    Discrete Jitter          (DJ):    0.000ns
    Phase Error              (PE):    0.000ns

    Location             Delay type                Incr(ns)  Path(ns)    Netlist Resource(s)
  -------------------------------------------------------------------    -------------------
                         (clock sys_clk_pin rise edge)
                                                      0.000     0.000 r  
    F14                                               0.000     0.000 r  clk_fpga (IN)
                         net (fo=0)                   0.000     0.000    clk_fpga
    F14                  IBUF (Prop_ibuf_I_O)         0.226     0.226 r  clk_fpga_IBUF_inst/O
                         net (fo=1, routed)           0.634     0.861    clk_fpga_IBUF
    BUFGCTRL_X0Y16       BUFG (Prop_bufg_I_O)         0.026     0.887 r  clk_fpga_IBUF_BUFG_inst/O
                         net (fo=126, routed)         0.581     1.467    CG1/CG1_4/CLK
    SLICE_X64Y78         FDCE                                         r  CG1/CG1_4/leds_reg[12]/C
  -------------------------------------------------------------------    -------------------
    SLICE_X64Y78         FDCE (Prop_fdce_C_Q)         0.164     1.631 r  CG1/CG1_4/leds_reg[12]/Q
                         net (fo=2, routed)           0.368     1.999    led_OBUF[12]
    B3                   OBUF (Prop_obuf_I_O)         1.227     3.226 r  led_OBUF[12]_inst/O
                         net (fo=0)                   0.000     3.226    led[12]
    B3                                                                r  led[12] (OUT)
  -------------------------------------------------------------------    -------------------

Slack:                    inf
  Source:                 CG1/CG1_4/leds_reg[13]_lopt_replica/C
                            (rising edge-triggered cell FDCE clocked by sys_clk_pin  {rise@0.000ns fall@5.000ns period=10.000ns})
  Destination:            led[13]
                            (output port)
  Path Group:             (none)
  Path Type:              Min at Fast Process Corner
  Data Path Delay:        1.771ns  (logic 1.379ns (77.843%)  route 0.392ns (22.157%))
  Logic Levels:           1  (OBUF=1)
  Clock Uncertainty:      0.025ns  ((TSJ^2 + TIJ^2)^1/2 + DJ) / 2 + PE
    Total System Jitter     (TSJ):    0.050ns
    Total Input Jitter      (TIJ):    0.000ns
    Discrete Jitter          (DJ):    0.000ns
    Phase Error              (PE):    0.000ns

    Location             Delay type                Incr(ns)  Path(ns)    Netlist Resource(s)
  -------------------------------------------------------------------    -------------------
                         (clock sys_clk_pin rise edge)
                                                      0.000     0.000 r  
    F14                                               0.000     0.000 r  clk_fpga (IN)
                         net (fo=0)                   0.000     0.000    clk_fpga
    F14                  IBUF (Prop_ibuf_I_O)         0.226     0.226 r  clk_fpga_IBUF_inst/O
                         net (fo=1, routed)           0.634     0.861    clk_fpga_IBUF
    BUFGCTRL_X0Y16       BUFG (Prop_bufg_I_O)         0.026     0.887 r  clk_fpga_IBUF_BUFG_inst/O
                         net (fo=126, routed)         0.581     1.467    CG1/CG1_4/CLK
    SLICE_X65Y78         FDCE                                         r  CG1/CG1_4/leds_reg[13]_lopt_replica/C
  -------------------------------------------------------------------    -------------------
    SLICE_X65Y78         FDCE (Prop_fdce_C_Q)         0.141     1.608 r  CG1/CG1_4/leds_reg[13]_lopt_replica/Q
                         net (fo=1, routed)           0.392     2.001    lopt
    A3                   OBUF (Prop_obuf_I_O)         1.238     3.238 r  led_OBUF[13]_inst/O
                         net (fo=0)                   0.000     3.238    led[13]
    A3                                                                r  led[13] (OUT)
  -------------------------------------------------------------------    -------------------

Slack:                    inf
  Source:                 CG1/CG1_4/leds_reg[14]_lopt_replica/C
                            (rising edge-triggered cell FDCE clocked by sys_clk_pin  {rise@0.000ns fall@5.000ns period=10.000ns})
  Destination:            led[14]
                            (output port)
  Path Group:             (none)
  Path Type:              Min at Fast Process Corner
  Data Path Delay:        1.778ns  (logic 1.369ns (77.002%)  route 0.409ns (22.998%))
  Logic Levels:           1  (OBUF=1)
  Clock Uncertainty:      0.025ns  ((TSJ^2 + TIJ^2)^1/2 + DJ) / 2 + PE
    Total System Jitter     (TSJ):    0.050ns
    Total Input Jitter      (TIJ):    0.000ns
    Discrete Jitter          (DJ):    0.000ns
    Phase Error              (PE):    0.000ns

    Location             Delay type                Incr(ns)  Path(ns)    Netlist Resource(s)
  -------------------------------------------------------------------    -------------------
                         (clock sys_clk_pin rise edge)
                                                      0.000     0.000 r  
    F14                                               0.000     0.000 r  clk_fpga (IN)
                         net (fo=0)                   0.000     0.000    clk_fpga
    F14                  IBUF (Prop_ibuf_I_O)         0.226     0.226 r  clk_fpga_IBUF_inst/O
                         net (fo=1, routed)           0.634     0.861    clk_fpga_IBUF
    BUFGCTRL_X0Y16       BUFG (Prop_bufg_I_O)         0.026     0.887 r  clk_fpga_IBUF_BUFG_inst/O
                         net (fo=126, routed)         0.581     1.467    CG1/CG1_4/CLK
    SLICE_X65Y78         FDCE                                         r  CG1/CG1_4/leds_reg[14]_lopt_replica/C
  -------------------------------------------------------------------    -------------------
    SLICE_X65Y78         FDCE (Prop_fdce_C_Q)         0.141     1.608 r  CG1/CG1_4/leds_reg[14]_lopt_replica/Q
                         net (fo=1, routed)           0.409     2.017    lopt_1
    B4                   OBUF (Prop_obuf_I_O)         1.228     3.245 r  led_OBUF[14]_inst/O
                         net (fo=0)                   0.000     3.245    led[14]
    B4                                                                r  led[14] (OUT)
  -------------------------------------------------------------------    -------------------

Slack:                    inf
  Source:                 CG1/CG1_4/leds_reg[11]/C
                            (rising edge-triggered cell FDCE clocked by sys_clk_pin  {rise@0.000ns fall@5.000ns period=10.000ns})
  Destination:            led[11]
                            (output port)
  Path Group:             (none)
  Path Type:              Min at Fast Process Corner
  Data Path Delay:        1.786ns  (logic 1.439ns (80.575%)  route 0.347ns (19.425%))
  Logic Levels:           1  (OBUF=1)
  Clock Uncertainty:      0.025ns  ((TSJ^2 + TIJ^2)^1/2 + DJ) / 2 + PE
    Total System Jitter     (TSJ):    0.050ns
    Total Input Jitter      (TIJ):    0.000ns
    Discrete Jitter          (DJ):    0.000ns
    Phase Error              (PE):    0.000ns

    Location             Delay type                Incr(ns)  Path(ns)    Netlist Resource(s)
  -------------------------------------------------------------------    -------------------
                         (clock sys_clk_pin rise edge)
                                                      0.000     0.000 r  
    F14                                               0.000     0.000 r  clk_fpga (IN)
                         net (fo=0)                   0.000     0.000    clk_fpga
    F14                  IBUF (Prop_ibuf_I_O)         0.226     0.226 r  clk_fpga_IBUF_inst/O
                         net (fo=1, routed)           0.634     0.861    clk_fpga_IBUF
    BUFGCTRL_X0Y16       BUFG (Prop_bufg_I_O)         0.026     0.887 r  clk_fpga_IBUF_BUFG_inst/O
                         net (fo=126, routed)         0.581     1.467    CG1/CG1_4/CLK
    SLICE_X64Y78         FDCE                                         r  CG1/CG1_4/leds_reg[11]/C
  -------------------------------------------------------------------    -------------------
    SLICE_X64Y78         FDCE (Prop_fdce_C_Q)         0.148     1.615 r  CG1/CG1_4/leds_reg[11]/Q
                         net (fo=2, routed)           0.347     1.962    led_OBUF[11]
    A2                   OBUF (Prop_obuf_I_O)         1.291     3.253 r  led_OBUF[11]_inst/O
                         net (fo=0)                   0.000     3.253    led[11]
    A2                                                                r  led[11] (OUT)
  -------------------------------------------------------------------    -------------------

Slack:                    inf
  Source:                 CG1/CG1_4/leds_reg[9]/C
                            (rising edge-triggered cell FDCE clocked by sys_clk_pin  {rise@0.000ns fall@5.000ns period=10.000ns})
  Destination:            led[9]
                            (output port)
  Path Group:             (none)
  Path Type:              Min at Fast Process Corner
  Data Path Delay:        1.807ns  (logic 1.423ns (78.781%)  route 0.383ns (21.219%))
  Logic Levels:           1  (OBUF=1)
  Clock Uncertainty:      0.025ns  ((TSJ^2 + TIJ^2)^1/2 + DJ) / 2 + PE
    Total System Jitter     (TSJ):    0.050ns
    Total Input Jitter      (TIJ):    0.000ns
    Discrete Jitter          (DJ):    0.000ns
    Phase Error              (PE):    0.000ns

    Location             Delay type                Incr(ns)  Path(ns)    Netlist Resource(s)
  -------------------------------------------------------------------    -------------------
                         (clock sys_clk_pin rise edge)
                                                      0.000     0.000 r  
    F14                                               0.000     0.000 r  clk_fpga (IN)
                         net (fo=0)                   0.000     0.000    clk_fpga
    F14                  IBUF (Prop_ibuf_I_O)         0.226     0.226 r  clk_fpga_IBUF_inst/O
                         net (fo=1, routed)           0.634     0.861    clk_fpga_IBUF
    BUFGCTRL_X0Y16       BUFG (Prop_bufg_I_O)         0.026     0.887 r  clk_fpga_IBUF_BUFG_inst/O
                         net (fo=126, routed)         0.581     1.467    CG1/CG1_4/CLK
    SLICE_X64Y78         FDCE                                         r  CG1/CG1_4/leds_reg[9]/C
  -------------------------------------------------------------------    -------------------
    SLICE_X64Y78         FDCE (Prop_fdce_C_Q)         0.148     1.615 r  CG1/CG1_4/leds_reg[9]/Q
                         net (fo=2, routed)           0.383     1.999    led_OBUF[9]
    C3                   OBUF (Prop_obuf_I_O)         1.275     3.274 r  led_OBUF[9]_inst/O
                         net (fo=0)                   0.000     3.274    led[9]
    C3                                                                r  led[9] (OUT)
  -------------------------------------------------------------------    -------------------

Slack:                    inf
  Source:                 CG1/CG1_4/leds_reg[15]_lopt_replica/C
                            (rising edge-triggered cell FDCE clocked by sys_clk_pin  {rise@0.000ns fall@5.000ns period=10.000ns})
  Destination:            led[15]
                            (output port)
  Path Group:             (none)
  Path Type:              Min at Fast Process Corner
  Data Path Delay:        1.824ns  (logic 1.425ns (78.148%)  route 0.399ns (21.852%))
  Logic Levels:           1  (OBUF=1)
  Clock Uncertainty:      0.025ns  ((TSJ^2 + TIJ^2)^1/2 + DJ) / 2 + PE
    Total System Jitter     (TSJ):    0.050ns
    Total Input Jitter      (TIJ):    0.000ns
    Discrete Jitter          (DJ):    0.000ns
    Phase Error              (PE):    0.000ns

    Location             Delay type                Incr(ns)  Path(ns)    Netlist Resource(s)
  -------------------------------------------------------------------    -------------------
                         (clock sys_clk_pin rise edge)
                                                      0.000     0.000 r  
    F14                                               0.000     0.000 r  clk_fpga (IN)
                         net (fo=0)                   0.000     0.000    clk_fpga
    F14                  IBUF (Prop_ibuf_I_O)         0.226     0.226 r  clk_fpga_IBUF_inst/O
                         net (fo=1, routed)           0.634     0.861    clk_fpga_IBUF
    BUFGCTRL_X0Y16       BUFG (Prop_bufg_I_O)         0.026     0.887 r  clk_fpga_IBUF_BUFG_inst/O
                         net (fo=126, routed)         0.581     1.467    CG1/CG1_4/CLK
    SLICE_X65Y78         FDCE                                         r  CG1/CG1_4/leds_reg[15]_lopt_replica/C
  -------------------------------------------------------------------    -------------------
    SLICE_X65Y78         FDCE (Prop_fdce_C_Q)         0.128     1.595 r  CG1/CG1_4/leds_reg[15]_lopt_replica/Q
                         net (fo=1, routed)           0.399     1.994    lopt_2
    A4                   OBUF (Prop_obuf_I_O)         1.297     3.291 r  led_OBUF[15]_inst/O
                         net (fo=0)                   0.000     3.291    led[15]
    A4                                                                r  led[15] (OUT)
  -------------------------------------------------------------------    -------------------

Slack:                    inf
  Source:                 CG1/CG1_4/leds_reg[5]_lopt_replica/C
                            (rising edge-triggered cell FDCE clocked by sys_clk_pin  {rise@0.000ns fall@5.000ns period=10.000ns})
  Destination:            led[5]
                            (output port)
  Path Group:             (none)
  Path Type:              Min at Fast Process Corner
  Data Path Delay:        1.869ns  (logic 1.447ns (77.415%)  route 0.422ns (22.585%))
  Logic Levels:           1  (OBUF=1)
  Clock Uncertainty:      0.025ns  ((TSJ^2 + TIJ^2)^1/2 + DJ) / 2 + PE
    Total System Jitter     (TSJ):    0.050ns
    Total Input Jitter      (TIJ):    0.000ns
    Discrete Jitter          (DJ):    0.000ns
    Phase Error              (PE):    0.000ns

    Location             Delay type                Incr(ns)  Path(ns)    Netlist Resource(s)
  -------------------------------------------------------------------    -------------------
                         (clock sys_clk_pin rise edge)
                                                      0.000     0.000 r  
    F14                                               0.000     0.000 r  clk_fpga (IN)
                         net (fo=0)                   0.000     0.000    clk_fpga
    F14                  IBUF (Prop_ibuf_I_O)         0.226     0.226 r  clk_fpga_IBUF_inst/O
                         net (fo=1, routed)           0.634     0.861    clk_fpga_IBUF
    BUFGCTRL_X0Y16       BUFG (Prop_bufg_I_O)         0.026     0.887 r  clk_fpga_IBUF_BUFG_inst/O
                         net (fo=126, routed)         0.578     1.464    CG1/CG1_4/CLK
    SLICE_X64Y74         FDCE                                         r  CG1/CG1_4/leds_reg[5]_lopt_replica/C
  -------------------------------------------------------------------    -------------------
    SLICE_X64Y74         FDCE (Prop_fdce_C_Q)         0.148     1.612 r  CG1/CG1_4/leds_reg[5]_lopt_replica/Q
                         net (fo=1, routed)           0.422     2.034    lopt_5
    E2                   OBUF (Prop_obuf_I_O)         1.299     3.333 r  led_OBUF[5]_inst/O
                         net (fo=0)                   0.000     3.333    led[5]
    E2                                                                r  led[5] (OUT)
  -------------------------------------------------------------------    -------------------





--------------------------------------------------------------------------------------
Path Group:  (none)
From Clock:  
  To Clock:  sys_clk_pin

Max Delay           158 Endpoints
Min Delay           158 Endpoints
--------------------------------------------------------------------------------------


Max Delay Paths
--------------------------------------------------------------------------------------
Slack:                    inf
  Source:                 teamSwitch
                            (input port)
  Destination:            CG1/CG1_4/leds_reg[3]_lopt_replica/D
                            (rising edge-triggered cell FDCE clocked by sys_clk_pin  {rise@0.000ns fall@5.000ns period=10.000ns})
  Path Group:             (none)
  Path Type:              Setup (Max at Slow Process Corner)
  Data Path Delay:        6.510ns  (logic 1.939ns (29.778%)  route 4.572ns (70.222%))
  Logic Levels:           3  (IBUF=1 LUT5=1 LUT6=1)
  Clock Path Skew:        4.836ns (DCD - SCD + CPR)
    Destination Clock Delay (DCD):    4.836ns
    Source Clock Delay      (SCD):    0.000ns
    Clock Pessimism Removal (CPR):    0.000ns
  Clock Uncertainty:      0.025ns  ((TSJ^2 + TIJ^2)^1/2 + DJ) / 2 + PE
    Total System Jitter     (TSJ):    0.050ns
    Total Input Jitter      (TIJ):    0.000ns
    Discrete Jitter          (DJ):    0.000ns
    Phase Error              (PE):    0.000ns

    Location             Delay type                Incr(ns)  Path(ns)    Netlist Resource(s)
  -------------------------------------------------------------------    -------------------
    V2                                                0.000     0.000 f  teamSwitch (IN)
                         net (fo=0)                   0.000     0.000    teamSwitch
    V2                   IBUF (Prop_ibuf_I_O)         1.461     1.461 f  teamSwitch_IBUF_inst/O
                         net (fo=7, routed)           2.932     4.393    CG0/CG0_2/teamSwitch_IBUF
    SLICE_X64Y74         LUT5 (Prop_lut5_I0_O)        0.150     4.543 r  CG0/CG0_2/leds[6]_i_2/O
                         net (fo=7, routed)           1.080     5.623    CG1/CG1_4/CG1_4_1/leds_reg[0]_0
    SLICE_X64Y75         LUT6 (Prop_lut6_I0_O)        0.328     5.951 r  CG1/CG1_4/CG1_4_1/leds[3]_i_1/O
                         net (fo=2, routed)           0.559     6.510    CG1/CG1_4/CG1_4_1_n_3
    SLICE_X64Y74         FDCE                                         r  CG1/CG1_4/leds_reg[3]_lopt_replica/D
  -------------------------------------------------------------------    -------------------

                         (clock sys_clk_pin rise edge)
                                                      0.000     0.000 r  
    F14                                               0.000     0.000 r  clk_fpga (IN)
                         net (fo=0)                   0.000     0.000    clk_fpga
    F14                  IBUF (Prop_ibuf_I_O)         1.388     1.388 r  clk_fpga_IBUF_inst/O
                         net (fo=1, routed)           1.868     3.256    clk_fpga_IBUF
    BUFGCTRL_X0Y16       BUFG (Prop_bufg_I_O)         0.091     3.347 r  clk_fpga_IBUF_BUFG_inst/O
                         net (fo=126, routed)         1.489     4.836    CG1/CG1_4/CLK
    SLICE_X64Y74         FDCE                                         r  CG1/CG1_4/leds_reg[3]_lopt_replica/C

Slack:                    inf
  Source:                 teamSwitch
                            (input port)
  Destination:            CG1/CG1_4/leds_reg[4]_lopt_replica/D
                            (rising edge-triggered cell FDCE clocked by sys_clk_pin  {rise@0.000ns fall@5.000ns period=10.000ns})
  Path Group:             (none)
  Path Type:              Setup (Max at Slow Process Corner)
  Data Path Delay:        6.472ns  (logic 1.939ns (29.953%)  route 4.534ns (70.047%))
  Logic Levels:           3  (IBUF=1 LUT5=1 LUT6=1)
  Clock Path Skew:        4.836ns (DCD - SCD + CPR)
    Destination Clock Delay (DCD):    4.836ns
    Source Clock Delay      (SCD):    0.000ns
    Clock Pessimism Removal (CPR):    0.000ns
  Clock Uncertainty:      0.025ns  ((TSJ^2 + TIJ^2)^1/2 + DJ) / 2 + PE
    Total System Jitter     (TSJ):    0.050ns
    Total Input Jitter      (TIJ):    0.000ns
    Discrete Jitter          (DJ):    0.000ns
    Phase Error              (PE):    0.000ns

    Location             Delay type                Incr(ns)  Path(ns)    Netlist Resource(s)
  -------------------------------------------------------------------    -------------------
    V2                                                0.000     0.000 f  teamSwitch (IN)
                         net (fo=0)                   0.000     0.000    teamSwitch
    V2                   IBUF (Prop_ibuf_I_O)         1.461     1.461 f  teamSwitch_IBUF_inst/O
                         net (fo=7, routed)           2.932     4.393    CG0/CG0_2/teamSwitch_IBUF
    SLICE_X64Y74         LUT5 (Prop_lut5_I0_O)        0.150     4.543 r  CG0/CG0_2/leds[6]_i_2/O
                         net (fo=7, routed)           1.089     5.632    CG1/CG1_4/CG1_4_1/leds_reg[0]_0
    SLICE_X64Y75         LUT6 (Prop_lut6_I0_O)        0.328     5.960 r  CG1/CG1_4/CG1_4_1/leds[4]_i_1/O
                         net (fo=2, routed)           0.512     6.472    CG1/CG1_4/CG1_4_1_n_2
    SLICE_X64Y74         FDCE                                         r  CG1/CG1_4/leds_reg[4]_lopt_replica/D
  -------------------------------------------------------------------    -------------------

                         (clock sys_clk_pin rise edge)
                                                      0.000     0.000 r  
    F14                                               0.000     0.000 r  clk_fpga (IN)
                         net (fo=0)                   0.000     0.000    clk_fpga
    F14                  IBUF (Prop_ibuf_I_O)         1.388     1.388 r  clk_fpga_IBUF_inst/O
                         net (fo=1, routed)           1.868     3.256    clk_fpga_IBUF
    BUFGCTRL_X0Y16       BUFG (Prop_bufg_I_O)         0.091     3.347 r  clk_fpga_IBUF_BUFG_inst/O
                         net (fo=126, routed)         1.489     4.836    CG1/CG1_4/CLK
    SLICE_X64Y74         FDCE                                         r  CG1/CG1_4/leds_reg[4]_lopt_replica/C

Slack:                    inf
  Source:                 teamSwitch
                            (input port)
  Destination:            CG1/CG1_4/leds_reg[5]_lopt_replica/D
                            (rising edge-triggered cell FDCE clocked by sys_clk_pin  {rise@0.000ns fall@5.000ns period=10.000ns})
  Path Group:             (none)
  Path Type:              Setup (Max at Slow Process Corner)
  Data Path Delay:        6.387ns  (logic 1.939ns (30.353%)  route 4.448ns (69.647%))
  Logic Levels:           3  (IBUF=1 LUT5=1 LUT6=1)
  Clock Path Skew:        4.836ns (DCD - SCD + CPR)
    Destination Clock Delay (DCD):    4.836ns
    Source Clock Delay      (SCD):    0.000ns
    Clock Pessimism Removal (CPR):    0.000ns
  Clock Uncertainty:      0.025ns  ((TSJ^2 + TIJ^2)^1/2 + DJ) / 2 + PE
    Total System Jitter     (TSJ):    0.050ns
    Total Input Jitter      (TIJ):    0.000ns
    Discrete Jitter          (DJ):    0.000ns
    Phase Error              (PE):    0.000ns

    Location             Delay type                Incr(ns)  Path(ns)    Netlist Resource(s)
  -------------------------------------------------------------------    -------------------
    V2                                                0.000     0.000 f  teamSwitch (IN)
                         net (fo=0)                   0.000     0.000    teamSwitch
    V2                   IBUF (Prop_ibuf_I_O)         1.461     1.461 f  teamSwitch_IBUF_inst/O
                         net (fo=7, routed)           2.932     4.393    CG0/CG0_2/teamSwitch_IBUF
    SLICE_X64Y74         LUT5 (Prop_lut5_I0_O)        0.150     4.543 r  CG0/CG0_2/leds[6]_i_2/O
                         net (fo=7, routed)           0.825     5.368    CG1/CG1_4/CG1_4_1/leds_reg[0]_0
    SLICE_X65Y75         LUT6 (Prop_lut6_I0_O)        0.328     5.696 r  CG1/CG1_4/CG1_4_1/leds[5]_i_1/O
                         net (fo=2, routed)           0.691     6.387    CG1/CG1_4/CG1_4_1_n_1
    SLICE_X64Y74         FDCE                                         r  CG1/CG1_4/leds_reg[5]_lopt_replica/D
  -------------------------------------------------------------------    -------------------

                         (clock sys_clk_pin rise edge)
                                                      0.000     0.000 r  
    F14                                               0.000     0.000 r  clk_fpga (IN)
                         net (fo=0)                   0.000     0.000    clk_fpga
    F14                  IBUF (Prop_ibuf_I_O)         1.388     1.388 r  clk_fpga_IBUF_inst/O
                         net (fo=1, routed)           1.868     3.256    clk_fpga_IBUF
    BUFGCTRL_X0Y16       BUFG (Prop_bufg_I_O)         0.091     3.347 r  clk_fpga_IBUF_BUFG_inst/O
                         net (fo=126, routed)         1.489     4.836    CG1/CG1_4/CLK
    SLICE_X64Y74         FDCE                                         r  CG1/CG1_4/leds_reg[5]_lopt_replica/C

Slack:                    inf
  Source:                 teamSwitch
                            (input port)
  Destination:            CG1/CG1_4/leds_reg[5]/D
                            (rising edge-triggered cell FDCE clocked by sys_clk_pin  {rise@0.000ns fall@5.000ns period=10.000ns})
  Path Group:             (none)
  Path Type:              Setup (Max at Slow Process Corner)
  Data Path Delay:        6.377ns  (logic 1.939ns (30.402%)  route 4.438ns (69.598%))
  Logic Levels:           3  (IBUF=1 LUT5=1 LUT6=1)
  Clock Path Skew:        4.838ns (DCD - SCD + CPR)
    Destination Clock Delay (DCD):    4.838ns
    Source Clock Delay      (SCD):    0.000ns
    Clock Pessimism Removal (CPR):    0.000ns
  Clock Uncertainty:      0.025ns  ((TSJ^2 + TIJ^2)^1/2 + DJ) / 2 + PE
    Total System Jitter     (TSJ):    0.050ns
    Total Input Jitter      (TIJ):    0.000ns
    Discrete Jitter          (DJ):    0.000ns
    Phase Error              (PE):    0.000ns

    Location             Delay type                Incr(ns)  Path(ns)    Netlist Resource(s)
  -------------------------------------------------------------------    -------------------
    V2                                                0.000     0.000 f  teamSwitch (IN)
                         net (fo=0)                   0.000     0.000    teamSwitch
    V2                   IBUF (Prop_ibuf_I_O)         1.461     1.461 f  teamSwitch_IBUF_inst/O
                         net (fo=7, routed)           2.932     4.393    CG0/CG0_2/teamSwitch_IBUF
    SLICE_X64Y74         LUT5 (Prop_lut5_I0_O)        0.150     4.543 r  CG0/CG0_2/leds[6]_i_2/O
                         net (fo=7, routed)           0.825     5.368    CG1/CG1_4/CG1_4_1/leds_reg[0]_0
    SLICE_X65Y75         LUT6 (Prop_lut6_I0_O)        0.328     5.696 r  CG1/CG1_4/CG1_4_1/leds[5]_i_1/O
                         net (fo=2, routed)           0.681     6.377    CG1/CG1_4/CG1_4_1_n_1
    SLICE_X64Y76         FDCE                                         r  CG1/CG1_4/leds_reg[5]/D
  -------------------------------------------------------------------    -------------------

                         (clock sys_clk_pin rise edge)
                                                      0.000     0.000 r  
    F14                                               0.000     0.000 r  clk_fpga (IN)
                         net (fo=0)                   0.000     0.000    clk_fpga
    F14                  IBUF (Prop_ibuf_I_O)         1.388     1.388 r  clk_fpga_IBUF_inst/O
                         net (fo=1, routed)           1.868     3.256    clk_fpga_IBUF
    BUFGCTRL_X0Y16       BUFG (Prop_bufg_I_O)         0.091     3.347 r  clk_fpga_IBUF_BUFG_inst/O
                         net (fo=126, routed)         1.491     4.838    CG1/CG1_4/CLK
    SLICE_X64Y76         FDCE                                         r  CG1/CG1_4/leds_reg[5]/C

Slack:                    inf
  Source:                 teamSwitch
                            (input port)
  Destination:            CG1/CG1_4/leds_reg[3]/D
                            (rising edge-triggered cell FDCE clocked by sys_clk_pin  {rise@0.000ns fall@5.000ns period=10.000ns})
  Path Group:             (none)
  Path Type:              Setup (Max at Slow Process Corner)
  Data Path Delay:        6.293ns  (logic 1.939ns (30.808%)  route 4.354ns (69.192%))
  Logic Levels:           3  (IBUF=1 LUT5=1 LUT6=1)
  Clock Path Skew:        4.838ns (DCD - SCD + CPR)
    Destination Clock Delay (DCD):    4.838ns
    Source Clock Delay      (SCD):    0.000ns
    Clock Pessimism Removal (CPR):    0.000ns
  Clock Uncertainty:      0.025ns  ((TSJ^2 + TIJ^2)^1/2 + DJ) / 2 + PE
    Total System Jitter     (TSJ):    0.050ns
    Total Input Jitter      (TIJ):    0.000ns
    Discrete Jitter          (DJ):    0.000ns
    Phase Error              (PE):    0.000ns

    Location             Delay type                Incr(ns)  Path(ns)    Netlist Resource(s)
  -------------------------------------------------------------------    -------------------
    V2                                                0.000     0.000 f  teamSwitch (IN)
                         net (fo=0)                   0.000     0.000    teamSwitch
    V2                   IBUF (Prop_ibuf_I_O)         1.461     1.461 f  teamSwitch_IBUF_inst/O
                         net (fo=7, routed)           2.932     4.393    CG0/CG0_2/teamSwitch_IBUF
    SLICE_X64Y74         LUT5 (Prop_lut5_I0_O)        0.150     4.543 r  CG0/CG0_2/leds[6]_i_2/O
                         net (fo=7, routed)           1.080     5.623    CG1/CG1_4/CG1_4_1/leds_reg[0]_0
    SLICE_X64Y75         LUT6 (Prop_lut6_I0_O)        0.328     5.951 r  CG1/CG1_4/CG1_4_1/leds[3]_i_1/O
                         net (fo=2, routed)           0.342     6.293    CG1/CG1_4/CG1_4_1_n_3
    SLICE_X64Y76         FDCE                                         r  CG1/CG1_4/leds_reg[3]/D
  -------------------------------------------------------------------    -------------------

                         (clock sys_clk_pin rise edge)
                                                      0.000     0.000 r  
    F14                                               0.000     0.000 r  clk_fpga (IN)
                         net (fo=0)                   0.000     0.000    clk_fpga
    F14                  IBUF (Prop_ibuf_I_O)         1.388     1.388 r  clk_fpga_IBUF_inst/O
                         net (fo=1, routed)           1.868     3.256    clk_fpga_IBUF
    BUFGCTRL_X0Y16       BUFG (Prop_bufg_I_O)         0.091     3.347 r  clk_fpga_IBUF_BUFG_inst/O
                         net (fo=126, routed)         1.491     4.838    CG1/CG1_4/CLK
    SLICE_X64Y76         FDCE                                         r  CG1/CG1_4/leds_reg[3]/C

Slack:                    inf
  Source:                 teamSwitch
                            (input port)
  Destination:            CG1/CG1_4/leds_reg[4]/D
                            (rising edge-triggered cell FDCE clocked by sys_clk_pin  {rise@0.000ns fall@5.000ns period=10.000ns})
  Path Group:             (none)
  Path Type:              Setup (Max at Slow Process Corner)
  Data Path Delay:        6.275ns  (logic 1.939ns (30.895%)  route 4.336ns (69.105%))
  Logic Levels:           3  (IBUF=1 LUT5=1 LUT6=1)
  Clock Path Skew:        4.838ns (DCD - SCD + CPR)
    Destination Clock Delay (DCD):    4.838ns
    Source Clock Delay      (SCD):    0.000ns
    Clock Pessimism Removal (CPR):    0.000ns
  Clock Uncertainty:      0.025ns  ((TSJ^2 + TIJ^2)^1/2 + DJ) / 2 + PE
    Total System Jitter     (TSJ):    0.050ns
    Total Input Jitter      (TIJ):    0.000ns
    Discrete Jitter          (DJ):    0.000ns
    Phase Error              (PE):    0.000ns

    Location             Delay type                Incr(ns)  Path(ns)    Netlist Resource(s)
  -------------------------------------------------------------------    -------------------
    V2                                                0.000     0.000 f  teamSwitch (IN)
                         net (fo=0)                   0.000     0.000    teamSwitch
    V2                   IBUF (Prop_ibuf_I_O)         1.461     1.461 f  teamSwitch_IBUF_inst/O
                         net (fo=7, routed)           2.932     4.393    CG0/CG0_2/teamSwitch_IBUF
    SLICE_X64Y74         LUT5 (Prop_lut5_I0_O)        0.150     4.543 r  CG0/CG0_2/leds[6]_i_2/O
                         net (fo=7, routed)           1.089     5.632    CG1/CG1_4/CG1_4_1/leds_reg[0]_0
    SLICE_X64Y75         LUT6 (Prop_lut6_I0_O)        0.328     5.960 r  CG1/CG1_4/CG1_4_1/leds[4]_i_1/O
                         net (fo=2, routed)           0.315     6.275    CG1/CG1_4/CG1_4_1_n_2
    SLICE_X64Y76         FDCE                                         r  CG1/CG1_4/leds_reg[4]/D
  -------------------------------------------------------------------    -------------------

                         (clock sys_clk_pin rise edge)
                                                      0.000     0.000 r  
    F14                                               0.000     0.000 r  clk_fpga (IN)
                         net (fo=0)                   0.000     0.000    clk_fpga
    F14                  IBUF (Prop_ibuf_I_O)         1.388     1.388 r  clk_fpga_IBUF_inst/O
                         net (fo=1, routed)           1.868     3.256    clk_fpga_IBUF
    BUFGCTRL_X0Y16       BUFG (Prop_bufg_I_O)         0.091     3.347 r  clk_fpga_IBUF_BUFG_inst/O
                         net (fo=126, routed)         1.491     4.838    CG1/CG1_4/CLK
    SLICE_X64Y76         FDCE                                         r  CG1/CG1_4/leds_reg[4]/C

Slack:                    inf
  Source:                 teamSwitch
                            (input port)
  Destination:            CG1/CG1_4/leds_reg[6]_lopt_replica/D
                            (rising edge-triggered cell FDCE clocked by sys_clk_pin  {rise@0.000ns fall@5.000ns period=10.000ns})
  Path Group:             (none)
  Path Type:              Setup (Max at Slow Process Corner)
  Data Path Delay:        6.175ns  (logic 1.939ns (31.397%)  route 4.236ns (68.603%))
  Logic Levels:           3  (IBUF=1 LUT5=1 LUT6=1)
  Clock Path Skew:        4.838ns (DCD - SCD + CPR)
    Destination Clock Delay (DCD):    4.838ns
    Source Clock Delay      (SCD):    0.000ns
    Clock Pessimism Removal (CPR):    0.000ns
  Clock Uncertainty:      0.025ns  ((TSJ^2 + TIJ^2)^1/2 + DJ) / 2 + PE
    Total System Jitter     (TSJ):    0.050ns
    Total Input Jitter      (TIJ):    0.000ns
    Discrete Jitter          (DJ):    0.000ns
    Phase Error              (PE):    0.000ns

    Location             Delay type                Incr(ns)  Path(ns)    Netlist Resource(s)
  -------------------------------------------------------------------    -------------------
    V2                                                0.000     0.000 f  teamSwitch (IN)
                         net (fo=0)                   0.000     0.000    teamSwitch
    V2                   IBUF (Prop_ibuf_I_O)         1.461     1.461 f  teamSwitch_IBUF_inst/O
                         net (fo=7, routed)           2.932     4.393    CG0/CG0_2/teamSwitch_IBUF
    SLICE_X64Y74         LUT5 (Prop_lut5_I0_O)        0.150     4.543 r  CG0/CG0_2/leds[6]_i_2/O
                         net (fo=7, routed)           0.889     5.432    CG1/CG1_4/CG1_4_1/leds_reg[0]_0
    SLICE_X65Y76         LUT6 (Prop_lut6_I0_O)        0.328     5.760 r  CG1/CG1_4/CG1_4_1/leds[6]_i_1/O
                         net (fo=2, routed)           0.415     6.175    CG1/CG1_4/CG1_4_1_n_0
    SLICE_X64Y76         FDCE                                         r  CG1/CG1_4/leds_reg[6]_lopt_replica/D
  -------------------------------------------------------------------    -------------------

                         (clock sys_clk_pin rise edge)
                                                      0.000     0.000 r  
    F14                                               0.000     0.000 r  clk_fpga (IN)
                         net (fo=0)                   0.000     0.000    clk_fpga
    F14                  IBUF (Prop_ibuf_I_O)         1.388     1.388 r  clk_fpga_IBUF_inst/O
                         net (fo=1, routed)           1.868     3.256    clk_fpga_IBUF
    BUFGCTRL_X0Y16       BUFG (Prop_bufg_I_O)         0.091     3.347 r  clk_fpga_IBUF_BUFG_inst/O
                         net (fo=126, routed)         1.491     4.838    CG1/CG1_4/CLK
    SLICE_X64Y76         FDCE                                         r  CG1/CG1_4/leds_reg[6]_lopt_replica/C

Slack:                    inf
  Source:                 teamSwitch
                            (input port)
  Destination:            CG1/CG1_4/team1Balls_reg[0]/CE
                            (rising edge-triggered cell FDCE clocked by sys_clk_pin  {rise@0.000ns fall@5.000ns period=10.000ns})
  Path Group:             (none)
  Path Type:              Setup (Max at Slow Process Corner)
  Data Path Delay:        5.999ns  (logic 1.709ns (28.482%)  route 4.290ns (71.518%))
  Logic Levels:           3  (IBUF=1 LUT2=1 LUT6=1)
  Clock Path Skew:        4.836ns (DCD - SCD + CPR)
    Destination Clock Delay (DCD):    4.836ns
    Source Clock Delay      (SCD):    0.000ns
    Clock Pessimism Removal (CPR):    0.000ns
  Clock Uncertainty:      0.025ns  ((TSJ^2 + TIJ^2)^1/2 + DJ) / 2 + PE
    Total System Jitter     (TSJ):    0.050ns
    Total Input Jitter      (TIJ):    0.000ns
    Discrete Jitter          (DJ):    0.000ns
    Phase Error              (PE):    0.000ns

    Location             Delay type                Incr(ns)  Path(ns)    Netlist Resource(s)
  -------------------------------------------------------------------    -------------------
    V2                                                0.000     0.000 f  teamSwitch (IN)
                         net (fo=0)                   0.000     0.000    teamSwitch
    V2                   IBUF (Prop_ibuf_I_O)         1.461     1.461 f  teamSwitch_IBUF_inst/O
                         net (fo=7, routed)           2.922     4.383    CG1/CG1_3/teamSwitch_IBUF
    SLICE_X64Y74         LUT2 (Prop_lut2_I0_O)        0.124     4.507 r  CG1/CG1_3/team1Balls[6]_i_4/O
                         net (fo=1, routed)           0.808     5.315    CG1/CG1_1/leds1__0
    SLICE_X61Y74         LUT6 (Prop_lut6_I1_O)        0.124     5.439 r  CG1/CG1_1/team1Balls[6]_i_1/O
                         net (fo=7, routed)           0.560     5.999    CG1/CG1_4/team1Balls_reg[6]_0[0]
    SLICE_X63Y74         FDCE                                         r  CG1/CG1_4/team1Balls_reg[0]/CE
  -------------------------------------------------------------------    -------------------

                         (clock sys_clk_pin rise edge)
                                                      0.000     0.000 r  
    F14                                               0.000     0.000 r  clk_fpga (IN)
                         net (fo=0)                   0.000     0.000    clk_fpga
    F14                  IBUF (Prop_ibuf_I_O)         1.388     1.388 r  clk_fpga_IBUF_inst/O
                         net (fo=1, routed)           1.868     3.256    clk_fpga_IBUF
    BUFGCTRL_X0Y16       BUFG (Prop_bufg_I_O)         0.091     3.347 r  clk_fpga_IBUF_BUFG_inst/O
                         net (fo=126, routed)         1.489     4.836    CG1/CG1_4/CLK
    SLICE_X63Y74         FDCE                                         r  CG1/CG1_4/team1Balls_reg[0]/C

Slack:                    inf
  Source:                 teamSwitch
                            (input port)
  Destination:            CG1/CG1_4/team1Balls_reg[1]/CE
                            (rising edge-triggered cell FDCE clocked by sys_clk_pin  {rise@0.000ns fall@5.000ns period=10.000ns})
  Path Group:             (none)
  Path Type:              Setup (Max at Slow Process Corner)
  Data Path Delay:        5.999ns  (logic 1.709ns (28.482%)  route 4.290ns (71.518%))
  Logic Levels:           3  (IBUF=1 LUT2=1 LUT6=1)
  Clock Path Skew:        4.836ns (DCD - SCD + CPR)
    Destination Clock Delay (DCD):    4.836ns
    Source Clock Delay      (SCD):    0.000ns
    Clock Pessimism Removal (CPR):    0.000ns
  Clock Uncertainty:      0.025ns  ((TSJ^2 + TIJ^2)^1/2 + DJ) / 2 + PE
    Total System Jitter     (TSJ):    0.050ns
    Total Input Jitter      (TIJ):    0.000ns
    Discrete Jitter          (DJ):    0.000ns
    Phase Error              (PE):    0.000ns

    Location             Delay type                Incr(ns)  Path(ns)    Netlist Resource(s)
  -------------------------------------------------------------------    -------------------
    V2                                                0.000     0.000 f  teamSwitch (IN)
                         net (fo=0)                   0.000     0.000    teamSwitch
    V2                   IBUF (Prop_ibuf_I_O)         1.461     1.461 f  teamSwitch_IBUF_inst/O
                         net (fo=7, routed)           2.922     4.383    CG1/CG1_3/teamSwitch_IBUF
    SLICE_X64Y74         LUT2 (Prop_lut2_I0_O)        0.124     4.507 r  CG1/CG1_3/team1Balls[6]_i_4/O
                         net (fo=1, routed)           0.808     5.315    CG1/CG1_1/leds1__0
    SLICE_X61Y74         LUT6 (Prop_lut6_I1_O)        0.124     5.439 r  CG1/CG1_1/team1Balls[6]_i_1/O
                         net (fo=7, routed)           0.560     5.999    CG1/CG1_4/team1Balls_reg[6]_0[0]
    SLICE_X63Y74         FDCE                                         r  CG1/CG1_4/team1Balls_reg[1]/CE
  -------------------------------------------------------------------    -------------------

                         (clock sys_clk_pin rise edge)
                                                      0.000     0.000 r  
    F14                                               0.000     0.000 r  clk_fpga (IN)
                         net (fo=0)                   0.000     0.000    clk_fpga
    F14                  IBUF (Prop_ibuf_I_O)         1.388     1.388 r  clk_fpga_IBUF_inst/O
                         net (fo=1, routed)           1.868     3.256    clk_fpga_IBUF
    BUFGCTRL_X0Y16       BUFG (Prop_bufg_I_O)         0.091     3.347 r  clk_fpga_IBUF_BUFG_inst/O
                         net (fo=126, routed)         1.489     4.836    CG1/CG1_4/CLK
    SLICE_X63Y74         FDCE                                         r  CG1/CG1_4/team1Balls_reg[1]/C

Slack:                    inf
  Source:                 teamSwitch
                            (input port)
  Destination:            CG1/CG1_4/leds_reg[6]/D
                            (rising edge-triggered cell FDCE clocked by sys_clk_pin  {rise@0.000ns fall@5.000ns period=10.000ns})
  Path Group:             (none)
  Path Type:              Setup (Max at Slow Process Corner)
  Data Path Delay:        5.950ns  (logic 1.939ns (32.584%)  route 4.011ns (67.416%))
  Logic Levels:           3  (IBUF=1 LUT5=1 LUT6=1)
  Clock Path Skew:        4.838ns (DCD - SCD + CPR)
    Destination Clock Delay (DCD):    4.838ns
    Source Clock Delay      (SCD):    0.000ns
    Clock Pessimism Removal (CPR):    0.000ns
  Clock Uncertainty:      0.025ns  ((TSJ^2 + TIJ^2)^1/2 + DJ) / 2 + PE
    Total System Jitter     (TSJ):    0.050ns
    Total Input Jitter      (TIJ):    0.000ns
    Discrete Jitter          (DJ):    0.000ns
    Phase Error              (PE):    0.000ns

    Location             Delay type                Incr(ns)  Path(ns)    Netlist Resource(s)
  -------------------------------------------------------------------    -------------------
    V2                                                0.000     0.000 f  teamSwitch (IN)
                         net (fo=0)                   0.000     0.000    teamSwitch
    V2                   IBUF (Prop_ibuf_I_O)         1.461     1.461 f  teamSwitch_IBUF_inst/O
                         net (fo=7, routed)           2.932     4.393    CG0/CG0_2/teamSwitch_IBUF
    SLICE_X64Y74         LUT5 (Prop_lut5_I0_O)        0.150     4.543 r  CG0/CG0_2/leds[6]_i_2/O
                         net (fo=7, routed)           0.889     5.432    CG1/CG1_4/CG1_4_1/leds_reg[0]_0
    SLICE_X65Y76         LUT6 (Prop_lut6_I0_O)        0.328     5.760 r  CG1/CG1_4/CG1_4_1/leds[6]_i_1/O
                         net (fo=2, routed)           0.190     5.950    CG1/CG1_4/CG1_4_1_n_0
    SLICE_X64Y76         FDCE                                         r  CG1/CG1_4/leds_reg[6]/D
  -------------------------------------------------------------------    -------------------

                         (clock sys_clk_pin rise edge)
                                                      0.000     0.000 r  
    F14                                               0.000     0.000 r  clk_fpga (IN)
                         net (fo=0)                   0.000     0.000    clk_fpga
    F14                  IBUF (Prop_ibuf_I_O)         1.388     1.388 r  clk_fpga_IBUF_inst/O
                         net (fo=1, routed)           1.868     3.256    clk_fpga_IBUF
    BUFGCTRL_X0Y16       BUFG (Prop_bufg_I_O)         0.091     3.347 r  clk_fpga_IBUF_BUFG_inst/O
                         net (fo=126, routed)         1.491     4.838    CG1/CG1_4/CLK
    SLICE_X64Y76         FDCE                                         r  CG1/CG1_4/leds_reg[6]/C





Min Delay Paths
--------------------------------------------------------------------------------------
Slack:                    inf
  Source:                 CG1/CG1_4/CG1_4_1/leds_reg[11]/C
                            (rising edge-triggered cell FDSE)
  Destination:            CG1/CG1_4/leds_reg[11]/D
                            (rising edge-triggered cell FDCE clocked by sys_clk_pin  {rise@0.000ns fall@5.000ns period=10.000ns})
  Path Group:             (none)
  Path Type:              Hold (Min at Fast Process Corner)
  Data Path Delay:        0.352ns  (logic 0.189ns (53.667%)  route 0.163ns (46.333%))
  Logic Levels:           2  (FDSE=1 LUT2=1)
  Clock Uncertainty:      0.025ns  ((TSJ^2 + TIJ^2)^1/2 + DJ) / 2 + PE
    Total System Jitter     (TSJ):    0.050ns
    Total Input Jitter      (TIJ):    0.000ns
    Discrete Jitter          (DJ):    0.000ns
    Phase Error              (PE):    0.000ns

    Location             Delay type                Incr(ns)  Path(ns)    Netlist Resource(s)
  -------------------------------------------------------------------    -------------------
    SLICE_X65Y77         FDSE                         0.000     0.000 r  CG1/CG1_4/CG1_4_1/leds_reg[11]/C
    SLICE_X65Y77         FDSE (Prop_fdse_C_Q)         0.141     0.141 r  CG1/CG1_4/CG1_4_1/leds_reg[11]/Q
                         net (fo=3, routed)           0.163     0.304    CG1/CG1_3/Q[4]
    SLICE_X64Y78         LUT2 (Prop_lut2_I1_O)        0.048     0.352 r  CG1/CG1_3/leds[11]_i_1/O
                         net (fo=1, routed)           0.000     0.352    CG1/CG1_4/D[4]
    SLICE_X64Y78         FDCE                                         r  CG1/CG1_4/leds_reg[11]/D
  -------------------------------------------------------------------    -------------------

                         (clock sys_clk_pin rise edge)
                                                      0.000     0.000 r  
    F14                                               0.000     0.000 r  clk_fpga (IN)
                         net (fo=0)                   0.000     0.000    clk_fpga
    F14                  IBUF (Prop_ibuf_I_O)         0.414     0.414 r  clk_fpga_IBUF_inst/O
                         net (fo=1, routed)           0.689     1.103    clk_fpga_IBUF
    BUFGCTRL_X0Y16       BUFG (Prop_bufg_I_O)         0.029     1.132 r  clk_fpga_IBUF_BUFG_inst/O
                         net (fo=126, routed)         0.850     1.981    CG1/CG1_4/CLK
    SLICE_X64Y78         FDCE                                         r  CG1/CG1_4/leds_reg[11]/C

Slack:                    inf
  Source:                 CG1/CG1_4/CG1_4_1/leds_reg[0]/C
                            (rising edge-triggered cell FDRE)
  Destination:            CG1/CG1_4/leds_reg[0]/D
                            (rising edge-triggered cell FDCE clocked by sys_clk_pin  {rise@0.000ns fall@5.000ns period=10.000ns})
  Path Group:             (none)
  Path Type:              Hold (Min at Fast Process Corner)
  Data Path Delay:        0.393ns  (logic 0.186ns (47.287%)  route 0.207ns (52.713%))
  Logic Levels:           2  (FDRE=1 LUT6=1)
  Clock Uncertainty:      0.025ns  ((TSJ^2 + TIJ^2)^1/2 + DJ) / 2 + PE
    Total System Jitter     (TSJ):    0.050ns
    Total Input Jitter      (TIJ):    0.000ns
    Discrete Jitter          (DJ):    0.000ns
    Phase Error              (PE):    0.000ns

    Location             Delay type                Incr(ns)  Path(ns)    Netlist Resource(s)
  -------------------------------------------------------------------    -------------------
    SLICE_X63Y76         FDRE                         0.000     0.000 r  CG1/CG1_4/CG1_4_1/leds_reg[0]/C
    SLICE_X63Y76         FDRE (Prop_fdre_C_Q)         0.141     0.141 r  CG1/CG1_4/CG1_4_1/leds_reg[0]/Q
                         net (fo=3, routed)           0.207     0.348    CG1/CG1_4/CG1_4_1/leds[0]
    SLICE_X64Y76         LUT6 (Prop_lut6_I5_O)        0.045     0.393 r  CG1/CG1_4/CG1_4_1/leds[0]_i_1/O
                         net (fo=1, routed)           0.000     0.393    CG1/CG1_4/CG1_4_1_n_6
    SLICE_X64Y76         FDCE                                         r  CG1/CG1_4/leds_reg[0]/D
  -------------------------------------------------------------------    -------------------

                         (clock sys_clk_pin rise edge)
                                                      0.000     0.000 r  
    F14                                               0.000     0.000 r  clk_fpga (IN)
                         net (fo=0)                   0.000     0.000    clk_fpga
    F14                  IBUF (Prop_ibuf_I_O)         0.414     0.414 r  clk_fpga_IBUF_inst/O
                         net (fo=1, routed)           0.689     1.103    clk_fpga_IBUF
    BUFGCTRL_X0Y16       BUFG (Prop_bufg_I_O)         0.029     1.132 r  clk_fpga_IBUF_BUFG_inst/O
                         net (fo=126, routed)         0.846     1.978    CG1/CG1_4/CLK
    SLICE_X64Y76         FDCE                                         r  CG1/CG1_4/leds_reg[0]/C

Slack:                    inf
  Source:                 CG1/CG1_4/CG1_4_1/leds_reg[12]/C
                            (rising edge-triggered cell FDSE)
  Destination:            CG1/CG1_4/leds_reg[12]/D
                            (rising edge-triggered cell FDCE clocked by sys_clk_pin  {rise@0.000ns fall@5.000ns period=10.000ns})
  Path Group:             (none)
  Path Type:              Hold (Min at Fast Process Corner)
  Data Path Delay:        0.478ns  (logic 0.211ns (44.159%)  route 0.267ns (55.841%))
  Logic Levels:           2  (FDSE=1 LUT2=1)
  Clock Uncertainty:      0.025ns  ((TSJ^2 + TIJ^2)^1/2 + DJ) / 2 + PE
    Total System Jitter     (TSJ):    0.050ns
    Total Input Jitter      (TIJ):    0.000ns
    Discrete Jitter          (DJ):    0.000ns
    Phase Error              (PE):    0.000ns

    Location             Delay type                Incr(ns)  Path(ns)    Netlist Resource(s)
  -------------------------------------------------------------------    -------------------
    SLICE_X64Y77         FDSE                         0.000     0.000 r  CG1/CG1_4/CG1_4_1/leds_reg[12]/C
    SLICE_X64Y77         FDSE (Prop_fdse_C_Q)         0.164     0.164 r  CG1/CG1_4/CG1_4_1/leds_reg[12]/Q
                         net (fo=3, routed)           0.267     0.431    CG1/CG1_3/Q[5]
    SLICE_X64Y78         LUT2 (Prop_lut2_I1_O)        0.047     0.478 r  CG1/CG1_3/leds[12]_i_1/O
                         net (fo=1, routed)           0.000     0.478    CG1/CG1_4/D[5]
    SLICE_X64Y78         FDCE                                         r  CG1/CG1_4/leds_reg[12]/D
  -------------------------------------------------------------------    -------------------

                         (clock sys_clk_pin rise edge)
                                                      0.000     0.000 r  
    F14                                               0.000     0.000 r  clk_fpga (IN)
                         net (fo=0)                   0.000     0.000    clk_fpga
    F14                  IBUF (Prop_ibuf_I_O)         0.414     0.414 r  clk_fpga_IBUF_inst/O
                         net (fo=1, routed)           0.689     1.103    clk_fpga_IBUF
    BUFGCTRL_X0Y16       BUFG (Prop_bufg_I_O)         0.029     1.132 r  clk_fpga_IBUF_BUFG_inst/O
                         net (fo=126, routed)         0.850     1.981    CG1/CG1_4/CLK
    SLICE_X64Y78         FDCE                                         r  CG1/CG1_4/leds_reg[12]/C

Slack:                    inf
  Source:                 CG1/CG1_4/CG1_4_1/leds_reg[13]/C
                            (rising edge-triggered cell FDSE)
  Destination:            CG1/CG1_4/leds_reg[13]/D
                            (rising edge-triggered cell FDCE clocked by sys_clk_pin  {rise@0.000ns fall@5.000ns period=10.000ns})
  Path Group:             (none)
  Path Type:              Hold (Min at Fast Process Corner)
  Data Path Delay:        0.480ns  (logic 0.209ns (43.553%)  route 0.271ns (56.447%))
  Logic Levels:           2  (FDSE=1 LUT2=1)
  Clock Uncertainty:      0.025ns  ((TSJ^2 + TIJ^2)^1/2 + DJ) / 2 + PE
    Total System Jitter     (TSJ):    0.050ns
    Total Input Jitter      (TIJ):    0.000ns
    Discrete Jitter          (DJ):    0.000ns
    Phase Error              (PE):    0.000ns

    Location             Delay type                Incr(ns)  Path(ns)    Netlist Resource(s)
  -------------------------------------------------------------------    -------------------
    SLICE_X64Y77         FDSE                         0.000     0.000 r  CG1/CG1_4/CG1_4_1/leds_reg[13]/C
    SLICE_X64Y77         FDSE (Prop_fdse_C_Q)         0.164     0.164 r  CG1/CG1_4/CG1_4_1/leds_reg[13]/Q
                         net (fo=3, routed)           0.204     0.368    CG1/CG1_3/Q[6]
    SLICE_X64Y78         LUT2 (Prop_lut2_I1_O)        0.045     0.413 r  CG1/CG1_3/leds[13]_i_1/O
                         net (fo=2, routed)           0.067     0.480    CG1/CG1_4/D[6]
    SLICE_X64Y78         FDCE                                         r  CG1/CG1_4/leds_reg[13]/D
  -------------------------------------------------------------------    -------------------

                         (clock sys_clk_pin rise edge)
                                                      0.000     0.000 r  
    F14                                               0.000     0.000 r  clk_fpga (IN)
                         net (fo=0)                   0.000     0.000    clk_fpga
    F14                  IBUF (Prop_ibuf_I_O)         0.414     0.414 r  clk_fpga_IBUF_inst/O
                         net (fo=1, routed)           0.689     1.103    clk_fpga_IBUF
    BUFGCTRL_X0Y16       BUFG (Prop_bufg_I_O)         0.029     1.132 r  clk_fpga_IBUF_BUFG_inst/O
                         net (fo=126, routed)         0.850     1.981    CG1/CG1_4/CLK
    SLICE_X64Y78         FDCE                                         r  CG1/CG1_4/leds_reg[13]/C

Slack:                    inf
  Source:                 CG1/CG1_4/CG1_4_1/leds_reg[2]/C
                            (rising edge-triggered cell FDSE)
  Destination:            CG1/CG1_4/leds_reg[2]/D
                            (rising edge-triggered cell FDCE clocked by sys_clk_pin  {rise@0.000ns fall@5.000ns period=10.000ns})
  Path Group:             (none)
  Path Type:              Hold (Min at Fast Process Corner)
  Data Path Delay:        0.531ns  (logic 0.186ns (35.016%)  route 0.345ns (64.984%))
  Logic Levels:           2  (FDSE=1 LUT6=1)
  Clock Uncertainty:      0.025ns  ((TSJ^2 + TIJ^2)^1/2 + DJ) / 2 + PE
    Total System Jitter     (TSJ):    0.050ns
    Total Input Jitter      (TIJ):    0.000ns
    Discrete Jitter          (DJ):    0.000ns
    Phase Error              (PE):    0.000ns

    Location             Delay type                Incr(ns)  Path(ns)    Netlist Resource(s)
  -------------------------------------------------------------------    -------------------
    SLICE_X63Y76         FDSE                         0.000     0.000 r  CG1/CG1_4/CG1_4_1/leds_reg[2]/C
    SLICE_X63Y76         FDSE (Prop_fdse_C_Q)         0.141     0.141 r  CG1/CG1_4/CG1_4_1/leds_reg[2]/Q
                         net (fo=3, routed)           0.345     0.486    CG1/CG1_4/CG1_4_1/leds[2]
    SLICE_X64Y74         LUT6 (Prop_lut6_I5_O)        0.045     0.531 r  CG1/CG1_4/CG1_4_1/leds[2]_i_1/O
                         net (fo=1, routed)           0.000     0.531    CG1/CG1_4/CG1_4_1_n_4
    SLICE_X64Y74         FDCE                                         r  CG1/CG1_4/leds_reg[2]/D
  -------------------------------------------------------------------    -------------------

                         (clock sys_clk_pin rise edge)
                                                      0.000     0.000 r  
    F14                                               0.000     0.000 r  clk_fpga (IN)
                         net (fo=0)                   0.000     0.000    clk_fpga
    F14                  IBUF (Prop_ibuf_I_O)         0.414     0.414 r  clk_fpga_IBUF_inst/O
                         net (fo=1, routed)           0.689     1.103    clk_fpga_IBUF
    BUFGCTRL_X0Y16       BUFG (Prop_bufg_I_O)         0.029     1.132 r  clk_fpga_IBUF_BUFG_inst/O
                         net (fo=126, routed)         0.845     1.977    CG1/CG1_4/CLK
    SLICE_X64Y74         FDCE                                         r  CG1/CG1_4/leds_reg[2]/C

Slack:                    inf
  Source:                 CG1/CG1_4/CG1_4_1/leds_reg[1]/C
                            (rising edge-triggered cell FDSE)
  Destination:            CG1/CG1_4/leds_reg[1]/D
                            (rising edge-triggered cell FDCE clocked by sys_clk_pin  {rise@0.000ns fall@5.000ns period=10.000ns})
  Path Group:             (none)
  Path Type:              Hold (Min at Fast Process Corner)
  Data Path Delay:        0.565ns  (logic 0.186ns (32.927%)  route 0.379ns (67.073%))
  Logic Levels:           2  (FDSE=1 LUT6=1)
  Clock Uncertainty:      0.025ns  ((TSJ^2 + TIJ^2)^1/2 + DJ) / 2 + PE
    Total System Jitter     (TSJ):    0.050ns
    Total Input Jitter      (TIJ):    0.000ns
    Discrete Jitter          (DJ):    0.000ns
    Phase Error              (PE):    0.000ns

    Location             Delay type                Incr(ns)  Path(ns)    Netlist Resource(s)
  -------------------------------------------------------------------    -------------------
    SLICE_X63Y76         FDSE                         0.000     0.000 r  CG1/CG1_4/CG1_4_1/leds_reg[1]/C
    SLICE_X63Y76         FDSE (Prop_fdse_C_Q)         0.141     0.141 r  CG1/CG1_4/CG1_4_1/leds_reg[1]/Q
                         net (fo=3, routed)           0.379     0.520    CG1/CG1_4/CG1_4_1/leds[1]
    SLICE_X64Y74         LUT6 (Prop_lut6_I5_O)        0.045     0.565 r  CG1/CG1_4/CG1_4_1/leds[1]_i_1/O
                         net (fo=1, routed)           0.000     0.565    CG1/CG1_4/CG1_4_1_n_5
    SLICE_X64Y74         FDCE                                         r  CG1/CG1_4/leds_reg[1]/D
  -------------------------------------------------------------------    -------------------

                         (clock sys_clk_pin rise edge)
                                                      0.000     0.000 r  
    F14                                               0.000     0.000 r  clk_fpga (IN)
                         net (fo=0)                   0.000     0.000    clk_fpga
    F14                  IBUF (Prop_ibuf_I_O)         0.414     0.414 r  clk_fpga_IBUF_inst/O
                         net (fo=1, routed)           0.689     1.103    clk_fpga_IBUF
    BUFGCTRL_X0Y16       BUFG (Prop_bufg_I_O)         0.029     1.132 r  clk_fpga_IBUF_BUFG_inst/O
                         net (fo=126, routed)         0.845     1.977    CG1/CG1_4/CLK
    SLICE_X64Y74         FDCE                                         r  CG1/CG1_4/leds_reg[1]/C

Slack:                    inf
  Source:                 CG1/CG1_4/CG1_4_1/leds_reg[10]/C
                            (rising edge-triggered cell FDSE)
  Destination:            CG1/CG1_4/leds_reg[10]/D
                            (rising edge-triggered cell FDCE clocked by sys_clk_pin  {rise@0.000ns fall@5.000ns period=10.000ns})
  Path Group:             (none)
  Path Type:              Hold (Min at Fast Process Corner)
  Data Path Delay:        0.578ns  (logic 0.186ns (32.172%)  route 0.392ns (67.828%))
  Logic Levels:           2  (FDSE=1 LUT2=1)
  Clock Uncertainty:      0.025ns  ((TSJ^2 + TIJ^2)^1/2 + DJ) / 2 + PE
    Total System Jitter     (TSJ):    0.050ns
    Total Input Jitter      (TIJ):    0.000ns
    Discrete Jitter          (DJ):    0.000ns
    Phase Error              (PE):    0.000ns

    Location             Delay type                Incr(ns)  Path(ns)    Netlist Resource(s)
  -------------------------------------------------------------------    -------------------
    SLICE_X65Y77         FDSE                         0.000     0.000 r  CG1/CG1_4/CG1_4_1/leds_reg[10]/C
    SLICE_X65Y77         FDSE (Prop_fdse_C_Q)         0.141     0.141 r  CG1/CG1_4/CG1_4_1/leds_reg[10]/Q
                         net (fo=3, routed)           0.392     0.533    CG1/CG1_3/Q[3]
    SLICE_X64Y78         LUT2 (Prop_lut2_I1_O)        0.045     0.578 r  CG1/CG1_3/leds[10]_i_1/O
                         net (fo=1, routed)           0.000     0.578    CG1/CG1_4/D[3]
    SLICE_X64Y78         FDCE                                         r  CG1/CG1_4/leds_reg[10]/D
  -------------------------------------------------------------------    -------------------

                         (clock sys_clk_pin rise edge)
                                                      0.000     0.000 r  
    F14                                               0.000     0.000 r  clk_fpga (IN)
                         net (fo=0)                   0.000     0.000    clk_fpga
    F14                  IBUF (Prop_ibuf_I_O)         0.414     0.414 r  clk_fpga_IBUF_inst/O
                         net (fo=1, routed)           0.689     1.103    clk_fpga_IBUF
    BUFGCTRL_X0Y16       BUFG (Prop_bufg_I_O)         0.029     1.132 r  clk_fpga_IBUF_BUFG_inst/O
                         net (fo=126, routed)         0.850     1.981    CG1/CG1_4/CLK
    SLICE_X64Y78         FDCE                                         r  CG1/CG1_4/leds_reg[10]/C

Slack:                    inf
  Source:                 CG1/CG1_4/CG1_4_1/leds_reg[9]/C
                            (rising edge-triggered cell FDSE)
  Destination:            CG1/CG1_4/leds_reg[9]/D
                            (rising edge-triggered cell FDCE clocked by sys_clk_pin  {rise@0.000ns fall@5.000ns period=10.000ns})
  Path Group:             (none)
  Path Type:              Hold (Min at Fast Process Corner)
  Data Path Delay:        0.621ns  (logic 0.208ns (33.486%)  route 0.413ns (66.514%))
  Logic Levels:           2  (FDSE=1 LUT2=1)
  Clock Uncertainty:      0.025ns  ((TSJ^2 + TIJ^2)^1/2 + DJ) / 2 + PE
    Total System Jitter     (TSJ):    0.050ns
    Total Input Jitter      (TIJ):    0.000ns
    Discrete Jitter          (DJ):    0.000ns
    Phase Error              (PE):    0.000ns

    Location             Delay type                Incr(ns)  Path(ns)    Netlist Resource(s)
  -------------------------------------------------------------------    -------------------
    SLICE_X64Y77         FDSE                         0.000     0.000 r  CG1/CG1_4/CG1_4_1/leds_reg[9]/C
    SLICE_X64Y77         FDSE (Prop_fdse_C_Q)         0.164     0.164 r  CG1/CG1_4/CG1_4_1/leds_reg[9]/Q
                         net (fo=3, routed)           0.297     0.461    CG1/CG1_3/Q[2]
    SLICE_X64Y77         LUT2 (Prop_lut2_I1_O)        0.044     0.505 r  CG1/CG1_3/leds[9]_i_1/O
                         net (fo=1, routed)           0.116     0.621    CG1/CG1_4/D[2]
    SLICE_X64Y78         FDCE                                         r  CG1/CG1_4/leds_reg[9]/D
  -------------------------------------------------------------------    -------------------

                         (clock sys_clk_pin rise edge)
                                                      0.000     0.000 r  
    F14                                               0.000     0.000 r  clk_fpga (IN)
                         net (fo=0)                   0.000     0.000    clk_fpga
    F14                  IBUF (Prop_ibuf_I_O)         0.414     0.414 r  clk_fpga_IBUF_inst/O
                         net (fo=1, routed)           0.689     1.103    clk_fpga_IBUF
    BUFGCTRL_X0Y16       BUFG (Prop_bufg_I_O)         0.029     1.132 r  clk_fpga_IBUF_BUFG_inst/O
                         net (fo=126, routed)         0.850     1.981    CG1/CG1_4/CLK
    SLICE_X64Y78         FDCE                                         r  CG1/CG1_4/leds_reg[9]/C

Slack:                    inf
  Source:                 CG1/CG1_4/CG1_4_1/leds_reg[15]/C
                            (rising edge-triggered cell FDSE)
  Destination:            CG1/CG1_4/leds_reg[15]/D
                            (rising edge-triggered cell FDCE clocked by sys_clk_pin  {rise@0.000ns fall@5.000ns period=10.000ns})
  Path Group:             (none)
  Path Type:              Hold (Min at Fast Process Corner)
  Data Path Delay:        0.640ns  (logic 0.185ns (28.918%)  route 0.455ns (71.082%))
  Logic Levels:           2  (FDSE=1 LUT2=1)
  Clock Uncertainty:      0.025ns  ((TSJ^2 + TIJ^2)^1/2 + DJ) / 2 + PE
    Total System Jitter     (TSJ):    0.050ns
    Total Input Jitter      (TIJ):    0.000ns
    Discrete Jitter          (DJ):    0.000ns
    Phase Error              (PE):    0.000ns

    Location             Delay type                Incr(ns)  Path(ns)    Netlist Resource(s)
  -------------------------------------------------------------------    -------------------
    SLICE_X63Y76         FDSE                         0.000     0.000 r  CG1/CG1_4/CG1_4_1/leds_reg[15]/C
    SLICE_X63Y76         FDSE (Prop_fdse_C_Q)         0.141     0.141 r  CG1/CG1_4/CG1_4_1/leds_reg[15]/Q
                         net (fo=2, routed)           0.279     0.420    CG1/CG1_3/Q[8]
    SLICE_X64Y77         LUT2 (Prop_lut2_I1_O)        0.044     0.464 r  CG1/CG1_3/leds[15]_i_2__0/O
                         net (fo=2, routed)           0.176     0.640    CG1/CG1_4/D[8]
    SLICE_X65Y78         FDCE                                         r  CG1/CG1_4/leds_reg[15]/D
  -------------------------------------------------------------------    -------------------

                         (clock sys_clk_pin rise edge)
                                                      0.000     0.000 r  
    F14                                               0.000     0.000 r  clk_fpga (IN)
                         net (fo=0)                   0.000     0.000    clk_fpga
    F14                  IBUF (Prop_ibuf_I_O)         0.414     0.414 r  clk_fpga_IBUF_inst/O
                         net (fo=1, routed)           0.689     1.103    clk_fpga_IBUF
    BUFGCTRL_X0Y16       BUFG (Prop_bufg_I_O)         0.029     1.132 r  clk_fpga_IBUF_BUFG_inst/O
                         net (fo=126, routed)         0.850     1.981    CG1/CG1_4/CLK
    SLICE_X65Y78         FDCE                                         r  CG1/CG1_4/leds_reg[15]/C

Slack:                    inf
  Source:                 CG1/CG1_4/CG1_4_1/leds_reg[8]/C
                            (rising edge-triggered cell FDSE)
  Destination:            CG1/CG1_4/leds_reg[8]/D
                            (rising edge-triggered cell FDCE clocked by sys_clk_pin  {rise@0.000ns fall@5.000ns period=10.000ns})
  Path Group:             (none)
  Path Type:              Hold (Min at Fast Process Corner)
  Data Path Delay:        0.645ns  (logic 0.226ns (35.060%)  route 0.419ns (64.940%))
  Logic Levels:           2  (FDSE=1 LUT2=1)
  Clock Uncertainty:      0.025ns  ((TSJ^2 + TIJ^2)^1/2 + DJ) / 2 + PE
    Total System Jitter     (TSJ):    0.050ns
    Total Input Jitter      (TIJ):    0.000ns
    Discrete Jitter          (DJ):    0.000ns
    Phase Error              (PE):    0.000ns

    Location             Delay type                Incr(ns)  Path(ns)    Netlist Resource(s)
  -------------------------------------------------------------------    -------------------
    SLICE_X65Y76         FDSE                         0.000     0.000 r  CG1/CG1_4/CG1_4_1/leds_reg[8]/C
    SLICE_X65Y76         FDSE (Prop_fdse_C_Q)         0.128     0.128 r  CG1/CG1_4/CG1_4_1/leds_reg[8]/Q
                         net (fo=3, routed)           0.302     0.430    CG1/CG1_3/Q[1]
    SLICE_X64Y77         LUT2 (Prop_lut2_I1_O)        0.098     0.528 r  CG1/CG1_3/leds[8]_i_1/O
                         net (fo=2, routed)           0.117     0.645    CG1/CG1_4/D[1]
    SLICE_X64Y78         FDCE                                         r  CG1/CG1_4/leds_reg[8]/D
  -------------------------------------------------------------------    -------------------

                         (clock sys_clk_pin rise edge)
                                                      0.000     0.000 r  
    F14                                               0.000     0.000 r  clk_fpga (IN)
                         net (fo=0)                   0.000     0.000    clk_fpga
    F14                  IBUF (Prop_ibuf_I_O)         0.414     0.414 r  clk_fpga_IBUF_inst/O
                         net (fo=1, routed)           0.689     1.103    clk_fpga_IBUF
    BUFGCTRL_X0Y16       BUFG (Prop_bufg_I_O)         0.029     1.132 r  clk_fpga_IBUF_BUFG_inst/O
                         net (fo=126, routed)         0.850     1.981    CG1/CG1_4/CLK
    SLICE_X64Y78         FDCE                                         r  CG1/CG1_4/leds_reg[8]/C





